"context	",type,date,country,region,price,currency,memo
Overseas travel insurance for 2 years,Insurance,2022/5/16,UNK,-,465250,JPY,-
with limited pass for 30 days,Ticket,2022/5/19,AUS,-,450,AUD,-
St.Mery church,Visiting,2022/5/19,AUS,Sydney,0,AUD,-
Blue Mountains,Trekking,2022/5/20,AUS,katoomba,0,AUD,-
Echo Point,Overviewing,2022/5/20,AUS,katoomba,0,AUD,-
AUS national museum,Visiting,2022/5/21,AUS,Sydney,0,AUD,-
Melbourne zoo,Visiting,2022/5/22,AUS,Melbourne,40,AUD,-
The Royal Museum,Visiting,2022/5/23,AUS,Melbourne,0,AUD,-
Ramen lunch,Eatery,2022/5/23,AUS,Melbourne,15.5,AUD,-
St.Patric cathedral,Visiting,2022/5/23,AUS,Melbourne,0,AUD,-
island philip beach,Walking,2022/5/23,AUS,island Philip,0,AUD,-
couldn't enter my room,Accident,2022/5/25,AUS,island Philip,0,AUD,-
Had a fever,Accident,2022/5/25,AUS,island Philip,0,AUD,-
Bus Lunch,Eating,2022/5/27,AUS,Melbourne,9.5,AUD,-
moana beach,Walking,2022/5/28,AUS,Adelaide,0,AUD,-
Garlic bread and beer,Restaurant,2022/5/28,AUS,Adelaide,15,AUD,-
belair,Trekking,2022/5/29,AUS,Adelaide,0,AUD,-
Electric kickboard,KickBoard,2022/5/30,AUS,Adelaide,5,AUD,-
Adelaide art museum,Visiting,2022/5/30,AUS,Adelaide,5,AUD,-
St.Petro Cathedral,Visiting,2022/5/30,AUS,Adelaide,0,AUD,-
Adelaide library,Heritage,2022/5/30,AUS,Adelaide,0,AUD,-
light Viewing spot,Walking,2022/5/30,AUS,Adelaide,0,AUD,-
Alice springs mountans,Trekking,2022/6/1,AUS,Alice Springs,0,AUD,-
lost my mountain jacket,Accident,2022/6/2,AUS,Alice Springs,0,AUD,-
Alice springs dessert park,Cycring,2022/6/2,AUS,Alice Springs,45,AUD,-
Burgar king,BugerShop,2022/6/3,AUS,Alice Springs,11.5,AUD,-
telegraph station,Heritage,2022/6/3,AUS,Alice Springs,16,AUD,-
river side Walking,Walking,2022/6/3,AUS,Alice Springs,0,AUD,-
Alice springs mountans,Trekking,2022/6/3,AUS,Alice Springs,0,AUD,-
anzac hill,Trekking,2022/6/3,AUS,Alice Springs,0,AUD,-
shower fee,Other,2022/6/3,AUS,Alice Springs,5,AUD,-
waintg a bus in gas station for 1 hour,Accident,2022/6/3,AUS,Alice Springs,0,AUD,-
Practing a boomerang with old man ,Walking,2022/6/5,AUS,Darwin,0,AUD,-
1 day pass for darwin,Ticket,2022/6/6,AUS,Darwin,7,AUD,-
ice cream and cola,Snack,2022/6/6,AUS,Darwin,9,AUD,-
around with water front,Walking,2022/6/6,AUS,Darwin,0,AUD,-
mindir beach,Walking,2022/6/6,AUS,Darwin,0,AUD,-
east point,Walking,2022/6/6,AUS,Darwin,0,AUD,-
darwin national park,Walking,2022/6/6,AUS,Darwin,0,AUD,-
The Museum and Art Gallery of the Northern Territory ,Visiting,2022/6/7,AUS,Darwin,0,AUD,-
coffee,Drink,2022/6/7,AUS,Darwin,4.5,AUD,-
over baggage weight fee,Accident,2022/6/7,AUS,Darwin,45,AUD,-
Eating in the airport,Eating,2022/6/7,AUS,Darwin,24,AUD,-
Cairns beach,Walking,2022/6/8,AUS,Cairns,0,AUD,-
lunch,Restaurant,2022/6/9,AUS,palm cove,15,AUD,-
palm cove beach,Walking,2022/6/9,AUS,palm cove,0,AUD,-
sky rail,CableCar,2022/6/10,AUS,Cairns,89,AUD,-
Curanda village,Walking,2022/6/10,AUS,Cairns,0,AUD,-
baron fall,Waterfall,2022/6/10,AUS,Cairns,0,AUD,-
Great Barrier Reef,Tour,2022/6/11,AUS,island Green,105,AUD,-
fried squid,Stand,2022/6/12,AUS,-,7.4,AUD,-
townsville church,Visiting,2022/6/13,AUS,townsville,0,AUD,-
around townsville beach,Walking,2022/6/13,AUS,townsville,0,AUD,-
ruins of gun emplacement,Trekking,2022/6/13,AUS,townsville,0,AUD,-
Shute Harbour,Walking,2022/6/14,AUS,Airlie Beach,0,AUD,-
east conway national park,Trekking,2022/6/14,AUS,Airlie Beach,0,AUD,-
south conway national park,Trekking,2022/6/15,AUS,Airlie Beach,0,AUD,-
around airlie beach,Walking,2022/6/16,AUS,Airlie Beach,0,AUD,-
city cat,Boat,2022/6/17,AUS,Brisbane,0,AUD,-
margarita,Drink,2022/6/18,AUS,gold coast,8,AUD,-
around gold coast,Walking,2022/6/18,AUS,gold coast,0,AUD,-
around gold coast,Walking,2022/6/19,AUS,gold coast,0,AUD,-
addidas mountain jacket,Shopping,2022/6/19,AUS,gold coast,30,AUD,-
ice cream and coffee,Snack,2022/6/20,AUS,Brisbane,9.5,AUD,-
woodly point jetty,Walking,2022/6/20,AUS,Brisbane,0,AUD,-
mount coot tha,Walking,2022/6/20,AUS,Brisbane,0,AUD,-
holiday coast,Walking,2022/6/21,AUS,Brisbane,0,AUD,-
Coffs Harbour beach,Walking,2022/6/22,AUS,Coffs Harbour,0,AUD,-
Port Stephens dessert,Walking,2022/6/23,AUS,Newcastle,0,AUD,-
Port Stephens beach,Walking,2022/6/23,AUS,Newcastle,0,AUD,-
Newcastle beach,Walking,2022/6/24,AUS,Newcastle,0,AUD,-
bondai beach,Walking,2022/6/24,AUS,Sydney,0,AUD,-
Sydney heads,Walking,2022/6/24,AUS,Sydney,0,AUD,-
PCR fee,Medical,2022/6/25,AUS,Sydney,105,AUD,-
Washing fee,Washing,2022/6/25,AUS,Sydney,6,AUD,-
monly beach,Walking,2022/6/25,AUS,Sydney,0,AUD,-
harber bridge,Heritage,2022/6/25,AUS,Sydney,0,AUD,-
opera house,Heritage,2022/6/25,AUS,Sydney,0,AUD,-
watson bay,Walking,2022/6/25,AUS,Sydney,0,AUD,-
Sydney bay,Boat,2022/6/25,AUS,Sydney,0,AUD,-
Eating seafood in fish market,Stand,2022/6/26,AUS,Sydney,20,AUD,-
beer in bar,Bar,2022/6/25,AUS,Sydney,10,AUD,-
yakiudon,Eatery,2022/7/3,JPN,Kokura,600,JPY,-
kokura castle,Visiting,2022/7/3,JPN,Kokura,350,JPY,-
kaimon channel museum,Visiting,2022/7/3,JPN,Kokura,500,JPY,-
around kokura,Walking,2022/7/3,JPN,Kokura,0,JPY,-
around Moji port,Walking,2022/7/3,JPN,Moji,0,JPY,-
HotSpring outside Ticket,Ticket,2022/7/8,JPN,Kinosaki,1300,JPY,-
Toyoka park,Walking,2022/7/8,JPN,Toyoka,0,JPY,-
Kinosaki HotSpring,HotSpring,2022/7/8,JPN,Kinosaki,0,JPY,-
HotSpring outside Ticket,Ticket,2022/7/9,JPN,Kinosaki,1300,JPY,-
Kinosaki literature museum,Visiting,2022/7/9,JPN,Kinosaki,500,JPY,-
rakurakuura bay,Walking,2022/7/9,JPN,Kinosaki,0,JPY,-
okami park,Walking,2022/7/9,JPN,Kinosaki,0,JPY,-
Kinosaki HotSpring,HotSpring,2022/7/9,JPN,Kinosaki,0,JPY,-
drinking with my friend,Restaurant,2022/7/9,JPN,Kinosaki,4000,JPY,-
Kinosaki HotSpring,HotSpring,2022/7/10,JPN,Kinosaki,0,JPY,-
immigration was so hard for 1 hours,Accident,2022/7/13,USA,seattle,0,JPY,-
Anchorage Mmuseum,Visiting,2022/7/14,USA,Anchorage,20,USD,-
Anchorage Mmuseum planetarium,Visiting,2022/7/14,USA,Anchorage,6,USD,-
campbell creak,Walking,2022/7/15,USA,Anchorage,0,USD,-
swward bus Ticket,Ticket,2022/7/16,USA,Anchorage,144,USD,overslept
oversleeping,Accident,2022/7/16,USA,Anchorage,0,USD,-
alaska zoo,Visiting,2022/7/16,USA,Anchorage,17,USD,-
noface mountain hoodie,Shopping,2022/7/16,USA,Anchorage,97.2,USD,-
along to Anchorage sea,Walking,2022/7/17,USA,Anchorage,0,USD,hard rain
stan lee park,Walking,2022/7/18,CAN,Vancouver,0,CAD,-
around point roberts,Walking,2022/7/19,CAN,Vancouver,0,CAD,-
gally points park,Walking,2022/7/19,CAN,Vancouver,0,CAD,-
jerico beach,Walking,2022/7/19,CAN,Vancouver,0,CAD,-
my food was stolen,Accident,2022/7/20,CAN,Nanaimo,0,CAD,-
Neck point park,Walking,2022/7/21,CAN,Nanaimo,0,CAD,-
Queen Eqizabez park,Walking,2022/7/21,CAN,Vancouver,0,CAD,-
Vancouver museum,Visiting,2022/7/22,CAN,Vancouver,15,CAD,-
cheese burger,Transportfood,2022/7/22,CAN,-,8,CAD,Canadian railway
chicken pie,Transportfood,2022/7/23,CAN,-,18,CAD,Canadian railway
Edomonton bus Ticket,Ticket,2022/7/24,CAN,Edomonton,3.5,CAD,-
diarrhea,Accident,2022/7/25,CAN,Edomonton,0,CAD,-
diarrhea,Accident,2022/7/26,CAN,Saskatoon,0,CAD,-
Buying annual bus Ticket,Accident,2022/7/26,CAN,Saskatoon,0,CAD,cancel in shop
bus Ticket,Ticket,2022/7/27,CAN,Saskatoon,3.25,CAD,-
around Saskatoon,Walking,2022/7/27,CAN,Saskatoon,0,CAD,-
around Regina,Walking,2022/7/28,CAN,Regina,0,CAD,-
state hall,Heritage,2022/7/28,CAN,Regina,0,CAD,-
A&W,BugerShop,2022/7/29,CAN,Regina,10,CAD,-
Regina museum,Visiting,2022/7/29,CAN,Regina,0,CAD,-
waiting a bus with homeless,Event,2022/7/29,CAN,Regina,0,CAD,-
joined first misa ,Event,2022/7/30,CAN,Winnipeg,0,CAD,-
St.poniface cathedral,Visiting,2022/7/30,CAN,Winnipeg,0,CAD,-
Manitoba museum,Visiting,2022/7/31,CAN,Winnipeg,0,CAD,-
around winnipeg,Walking,2022/7/31,CAN,Winnipeg,0,CAD,-
dinnner,Transportfood,2022/8/1,CAN,-,18,CAD,Canadian railway
breakfast,Transportfood,2022/8/2,CAN,-,10,CAD,Canadian railway
Niagara Falls,Waterfall,2022/8/3,CAN,Niagara Falls,0,CAD,-
Pizza,Stand,2022/8/4,CAN,Toronto,6,CAD,-
around lake ontario,Walking,2022/8/4,CAN,Toronto,0,CAD,-
macdnard,BugerShop,2022/8/5,CAN,Montréal,10,CAD,-
stopped the train to otawa,Accident,2022/8/5,CAN,Québec,0,CAD,-
coffee with milk and maffin,Cafe,2022/8/7,CAN,Québec,7.75,CAD,-
Québec church,Visiting,2022/8/7,CAN,Québec,0,CAD,-
immigration to USA in CAN,Accident,2022/8/8,CAN,Montréal,0,CAD,-
Mexico city transport card,Ticket,2022/8/9,MEX,Mexico City,10,MXP,-
I was helped a Ticket by a mexican man,Event,2022/8/9,MEX,Mexico City,0,MXP,-
national museum,Visiting,2022/8/10,MEX,Mexico City,183,MXP,-
lunch,Restaurant,2022/8/10,MEX,Mexico City,150,MXP,national museum
corn,Stand,2022/8/10,MEX,Mexico City,2,MXP,stall
Teotihuacan heritage,Visiting,2022/8/11,MEX,Teotihuacan,80,MXP,-
Querétaro cathedral,Visiting,2022/8/13,MEX,Querétaro,0,MXP,-
Querétaro water bridge,Heritage,2022/8/13,MEX,Querétaro,0,MXP,-
mummy museum,Visiting,2022/8/14,MEX,Guanajuato,85,MXP,-
Hibira memorial,Overviewing,2022/8/14,MEX,Guanajuato,0,MXP,-
around Guanajuato,Walking,2022/8/14,MEX,Guanajuato,0,MXP,-
around Morelia,Walking,2022/8/15,MEX,Morelia,0,MXP,-
Puebla Cathedral,Visiting,2022/8/16,MEX,Puebla,0,MXP,-
Santo Domingo church,Visiting,2022/8/17,MEX,Cholula,0,MXP,-
Cholula Heritage,Visiting,2022/8/17,MEX,Cholula,85,MXP,-
Washing fee,Washing,2022/8/17,MEX,Cholula,80,MXP,-
broken sandal,Accident,2022/8/19,MEX,Veracruz,0,MXP,-
new sandal fee,Shopping,2022/8/19,MEX,Veracruz,100,MXP,-
Veracruz museum,Visiting,2022/8/19,MEX,Veracruz,90,MXP,-
Veracruz jetty,Walking,2022/8/19,MEX,Veracruz,0,MXP,-
staying love hotel,Accident,2022/8/20,MEX,Coatzacoalcos,0,MXP,-
Palenque heritage and senote,Tour,2022/8/22,MEX,Palenque,650,MXP,-
insecticide,Shopping,2022/8/22,MEX,Palenque,100,MXP,parenque heritage
talking with girl about hello kitty,Event,2022/8/23,MEX,-,0,MXP,-
Campeche cathedral,Visiting,2022/8/24,MEX,Campeche,0,MXP,-
Campeche museum,Visiting,2022/8/24,MEX,Campeche,65,MXP,-
Uxmal heritage,Visiting,2022/8/25,MEX,Uxmal,579,MXP,-
Chichen Itza heritage,Visiting,2022/8/26,MEX,Chichen Itza,571,MXP,-
juice,Drink,2022/8/26,MEX,Chichen Itza,20,MXP,-
sweets,Snack,2022/8/26,MEX,Chichen Itza,20,MXP,-
locker,Other,2022/8/26,MEX,Chichen Itza,100,MXP,-
Having squall,Accident,2022/8/26,MEX,Chichen Itza,0,MXP,-
lunch,Restaurant,2022/8/27,MEX,Playa del Carmen,410,MXP,-
Changeng accomodation fee,Accident,2022/8/27,MEX,Cancun,168.635,MXP,-
Playa del Carmen beach,Walking,2022/8/27,MEX,Playa del Carmen,0,MXP,-
Water bottle,Shopping,2022/8/28,MEX,Cozumel,150,MXP,-
Island cozmel,Walking,2022/8/28,MEX,Cozumel,0,MXP,-
Cancun beach,Walking,2022/8/29,MEX,Cancun,0,MXP,-
Additional baggage for airplane,Accident,2022/8/29,MEX,Cancun,80,USD,-
Cuba Tourist Card,Tax,2022/8/29,CUB,habana,25,USD,-
6000CUP,Exchange,2022/8/29,CUB,habana,0,MXP,from 1000 MXP
breakfast,InnBreakfast,2022/8/30,CUB,habana,7,USD,-
wifi card,Shopping,2022/8/30,CUB,habana,125,CUP,-
Mojito,Restaurant,2022/8/30,CUB,habana,1500,CUP,-
lunch,Restaurant,2022/8/30,CUB,habana,1000,CUP,-
alcohol fee,Bar,2022/8/30,CUB,habana,2500,CUP,-
meeting with strange people,Accident,2022/8/30,CUB,habana,0,CUP,-
Vinales drive,Tour,2022/8/30,CUB,habana,120,USD,-
Sim card,Shopping,2022/8/30,CUB,habana,3900,CUP,-
Getting 10000 CUP,Cashing,2022/8/30,CUB,habana,0,USD,from 83 USD
Getting 20000 CUP,Cashing,2022/8/30,CUB,habana,0,USD,from 166 USD
breakfast,Tourfood,2022/8/31,CUB,-,0,USD,tour
lunch,Restaurant,2022/8/31,CUB,Vinales,1900,CUP,paying his wife and friend 
Vinales vally,Visiting,2022/8/31,CUB,Vinales,0,CUP,tour
limestone cave,Visiting,2022/8/31,CUB,Vinales,0,CUP,tour
wall image,Heritage,2022/8/31,CUB,Vinales,0,CUP,tour
wifi card,Shopping,2022/9/1,CUB,habana,125,CUP,-
breakfast,InnBreakfast,2022/9/2,CUB,habana,7,USD,-
breakfast,InnBreakfast,2022/9/3,CUB,habana,7,USD,-
Throwing my flight Ticket from camagway to cancun,Accident,2022/9/3,CUB,habana,5870,MXP,-
Contacting my parents,Accident,2022/9/3,CUB,habana,0,MXP,-
Asked my parents to buy me a Ticket.,Accident,2022/9/3,CUB,habana,0,JPY,-
coffee and milk,Cafe,2022/9/6,MEX,Chetumal,7,MXP,-
Drinking with young people,Event,2022/9/7,BLZ,San Ignacio,0,BZD,-
Belize city beach,Walking,2022/9/7,BLZ,San Ignacio,0,BZD,-
Cahal Pech heritage,Visiting,2022/9/7,BLZ,San Ignacio,10,BZD,-
Xunantunich heritage,Visiting,2022/9/8,BLZ,Xunantunich,10,BZD,-
Departure Tax,Tax,2022/9/9,BLZ,San Ignacio,20,USD,-
Getting 30 GTQ,Exchange,2022/9/9,BLZ,San Ignacio,0,BZD,from 9 BRZ
dinner's chicken,ChainStore,2022/9/9,GTM,Flores,25,GTQ,-
tikal heritage,Tour,2022/9/10,GTM,tikal,150,GTQ,-
cola,Drink,2022/9/10,GTM,tikal,10,GTQ,-
Cobán cathedral,Visiting,2022/9/12,GTM,Cobán,0,GTQ,-
Cheese tart,Snack,2022/9/12,GTM,Cobán,20,GTQ,-
abogado buger,Stand,2022/9/12,GTM,Cobán,40,GTQ,-
beer,Drink,2022/9/12,GTM,Cobán,20,GTQ,-
Pizza,Eatery,2022/9/13,GTM,Antigua,5,USD,-
Antigua cathedral,Visiting,2022/9/13,GTM,Antigua,0,USD,-
Antigua town,Walking,2022/9/13,GTM,Antigua,0,USD,-
macdnard,BugerShop,2022/9/13,SLV,Santa Ana,8,USD,-
electric cable,Shopping,2022/9/14,SLV,Santa Ana,5,USD,-
Throwing my bus Ticket,Accident,2022/9/14,SLV,Santa Ana,80,USD,lost a bus to leon
Independence day,Event,2022/9/15,SLV,Santa Ana,0,USD,-
Chnaging a accomodation,Event,2022/9/15,SLV,Santa Ana,0,USD,-
big poteto fries,Stand,2022/9/16,SLV,Santa Ana,1,USD,-
Santa ana volcano entrance fee,Trekking,2022/9/16,SLV,Santa Ana,10,USD,With guide
I saw like a ded man,Accident,2022/9/16,SLV,Santa Ana,0,USD,-
The cake for presents in my accommodation,Event,2022/9/16,SLV,Santa Ana,0,USD,happy birthday of the owner
Meeting with yo san,Event,2022/9/17,SLV,El Tunco,0,USD,-
Exchange from cuban pesos to Kyrgyzstan sums,Event,2022/9/17,SLV,El Tunco,0,USD,-
dinner,Eatery,2022/9/17,SLV,El Tunco,5,USD,with yo san
El Tunco beach,Walking,2022/9/17,SLV,El Tunco,0,USD,-
Honduras depature taz,Tax,2022/9/18,HND,Guasaule,21,USD,-
dinner,BugerShop,2022/9/18,HND,-,3.25,USD,-
lunch,Stand,2022/9/19,NIC,Leon,150,NIO,-
the food in the market,Stand,2022/9/19,NIC,Leon,50,NIO,-
coffee,Cafe,2022/9/19,NIC,Leon,100,NIO,-
Leon Cathedral,Visiting,2022/9/19,NIC,Leon,0,NIO,-
go back to walk to my accomodation,Accident,2022/9/20,NIC,Managua,0,NIO,-
lake Managua,Walking,2022/9/20,NIC,Managua,0,NIO,-
Boat in lake nicaragua,Tour,2022/9/21,NIC,Guranada,12,USD,-
"""I hate Japanese"" was said by my accomodation",Accident,2022/9/21,NIC,Guranada,0,USD,-
lunch,Eatery,2022/9/22,NIC,San Jorge,150,NIO,-
Island entry Tax,Tax,2022/9/22,NIC,San Jorge,1,USD,-
coffee,Cafe,2022/9/23,NIC,Island Ometepe,70,NIO,-
first Overseas Touring,Event,2022/9/23,NIC,Island Ometepe,0,NIO,-
I fell and injured myself on the moor.,Accident,2022/9/23,NIC,Island Ometepe,0,NIO,-
motorcycle fee,Ticket,2022/9/23,NIC,Island Ometepe,20,USD,-
fixing fee for a motorcycle,Accident,2022/9/23,NIC,Island Ometepe,70,USD,-
Departure Tax,Tax,2022/9/24,NIC,Pedas Blancas,3,USD,-
tipical food,Stand,2022/9/25,CRI,Puntarenas,3000,CRC,-
coffee,Cafe,2022/9/25,CRI,Puntarenas,300,CRC,-
Puntarenas beach,Walking,2022/9/25,CRI,Puntarenas,0,CRC,-
Liberia cathedral,Visiting,2022/9/25,CRI,Liberia,0,CRC,-
coffee,Cafe,2022/9/26,CRI,San José,500,CRC,-
Lost my every money,Accident,2022/9/26,CRI,Alajuela,0,CRC,by Taxi driver
dinner,Eatery,2022/9/27,CRI,San José,3000,CRC,-
the national museum,Visiting,2022/9/27,CRI,San José,11,USD,-
Haircut,Haircut,2022/9/27,CRI,San José,3,USD,-
breakfast,Eatery,2022/9/28,CRI,San José,5000,CRC,market
pupuka,Eatery,2022/9/28,CRI,-,2000,CRC,-
chiken,ChainStore,2022/9/28,CRI,PalmarNorte,2000,CRC,-
finca 6 museum,Visiting,2022/9/28,CRI,PalmarNorte,7,USD,-
Departure Tax,Tax,2022/9/29,CRI,Pasokanoas,8,USD,-
cola,Drink,2022/9/29,PAN,Pasokanoas,2,USD,-
I couldn't pay depature Tax on online,Accident,2022/9/29,CRI,Pasokanoas,0,USD,-
lunch,Eatery,2022/9/30,PAN,David,5,USD,-
coffee + sweets,Cafe,2022/10/1,PAN,David,4,USD,-
Boquete,Walking,2022/10/1,PAN,Boquete,0,USD,-
Santa Catalina beach,Walking,2022/10/3,PAN,Santa Catalina,0,USD,-
Tuna and pineapple salda,Tourfood,2022/10/4,PAN,Coiba,0,USD,tour
island coiba,Tour,2022/10/4,PAN,Coiba,60,USD,-
Island entry Tax,Tax,2022/10/4,PAN,Coiba,20,USD,-
first snokling,Event,2022/10/4,PAN,Coiba,0,USD,-
grapefruit jiurce,Cafe,2022/10/5,PAN,Coiba,1.5,USD,-
lunch,Eatery,2022/10/5,PAN,Panama City,9.5,USD,-
Santa Fe,Walking,2022/10/6,PAN,Santa Fe,0,USD,-
metro card,Ticket,2022/10/6,PAN,Panama City,3,USD,-
Gatun Gate,Walking,2022/10/7,PAN,Colin,0,USD,-
Questioning,Accident,2022/10/7,PAN,Colin,0,USD,Gatun Gate
panama canal,Canal,2022/10/8,PAN,Panama City,10,USD,-
panama canal,Walking,2022/10/8,PAN,Panama City,0,USD,-
amador beack,Walking,2022/10/8,PAN,Panama City,0,USD,-
panama cathedral,Visiting,2022/10/8,PAN,Panama City,0,USD,-
old town,Walking,2022/10/8,PAN,Panama City,0,USD,-
lemonade,Stand,2022/10/8,PAN,Panama City,2,USD,-
beer +seafood,Restaurant,2022/10/8,PAN,Panama City,12,USD,-
sim card,Shopping,2022/10/9,COL,Bogota,20000,COP,-
pizza,Eatery,2022/10/10,COL,Bogota,7000,COP,dinner with yo san
meeting with yo san ,Event,2022/10/10,COL,Bogota,0,COP,-
recharge to sim caard,Event,2022/10/11,COL,Bogota,20000,COP,-
rice ball,Stand,2022/10/11,COL,Bogota,2500,COP,-
coffee,Cafe,2022/10/11,COL,Bogota,4000,COP,-
Walking to waterfall for 12 km by round trip,Accident,2022/10/12,COL,Santa Sofia,0,COP,-
hayal waterfall,Walking,2022/10/12,COL,Santa Sofia,0,COP,-
comnitario Museum,Visiting,2022/10/12,COL,Santa Sofia,20000,COP,-
cheese,Stand,2022/10/13,COL,-,2000,COP,-
cathedral of salt,Visiting,2022/10/13,COL,Zipaquirá,77500,COP,-
cola,Drink,2022/10/14,COL,Melgar,3000,COP,-
bogota metro card,Ticket,2022/10/14,COL,Bogota,5000,COP,-
was gone to the police,Accident,2022/10/14,COL,Melgar,0,COP,there isn't today's accomodation
cap of swimming,Shopping,2022/10/14,COL,Melgar,2000,COP,-
Swimming in the hotel,Event,2022/10/14,COL,Melgar,0,COP,-
went to the city at night,Event,2022/10/14,COL,Melgar,0,COP,with colombian couple
breakfast,InnBreakfast,2022/10/15,COL,Melgar,12000,COP,-
cap of swimming,Shopping,2022/10/15,COL,Melgar,2000,COP,paid again
opening the festibal until 3:00,Shopping,2022/10/15,COL,Ibage,0,COP,-
lunch,Restaurant,2022/10/16,COL,Ibage,25000,COP,-
ibage Walking,Walking,2022/10/16,COL,Ibage,0,COP,-
Pereira metro card,Shopping,2022/10/17,COL,Pereira,7000,COP,-
lunch,Restaurant,2022/10/19,COL,kari,27000,COP,in zoo
kari zoo,Visiting,2022/10/19,COL,kari,27000,COP,-
coffee,Cafe,2022/10/21,COL,Manizales,1000,COP,-
konoha don,Restaurant,2022/10/23,COL,Bogota,40000,COP,-
I had bought a dummy Ticket from ecuador,Accident,2022/10/24,COL,Bogota,60000,JPY,-
seafood soup,Eatery,2022/10/25,ECU,Quito,6,USD,-
burger,BugerShop,2022/10/25,ECU,Quito,2,USD,-
vito national cathedral,Visiting,2022/10/25,ECU,Quito,2,USD,-
tower fee,Ticket,2022/10/25,ECU,Quito,3,USD,vito national cathedral
sim card,Shopping,2022/10/25,ECU,Quito,5,USD,not used
I went to a hospital,Accident,2022/10/27,ECU,ibara,0,USD,paid 97 USD
soup,Eatery,2022/10/28,ECU,Otavalo,3,USD,-
orange juiice,Stand,2022/10/29,ECU,Otavalo,1.5,USD,-
soup,Stand,2022/10/29,ECU,Otavalo,3,USD,-
sim card,Shopping,2022/10/31,ECU,manta,5,USD,-
manta beawch,Walking,2022/10/31,ECU,manta,0,USD,-
salinas beawch,Walking,2022/11/2,ECU,salinas,0,USD,-
rope way card,Ticket,2022/11/2,ECU,Santiago de Guayaquil,3.4,USD,-
transport card,Ticket,2022/11/2,ECU,Santiago de Guayaquil,2,USD,-
lunch,Stand,2022/11/3,ECU,Santiago de Guayaquil,0,USD,-
I canceled a Ticket but I could't it,Accident,2022/11/3,ECU,Santiago de Guayaquil,0,USD,airport
Whole roasted pig,Stand,2022/11/4,ECU,-,1.5,USD,-
lunch,Eatery,2022/11/5,ECU,arausi,5,USD,-
dinner,Restaurant,2022/11/5,ECU,arausi,10,USD,-
alausi Walking,Walking,2022/11/5,ECU,arausi,0,USD,-
coffee,Cafe,2022/11/7,ECU,Cuenca,2,USD,with yuranora san
humberger,Eatery,2022/11/7,ECU,Cuenca,5,USD,with yuranora san
meeting with yuranora san,Event,2022/11/7,ECU,Cuenca,0,USD,-
clture museum,Visiting,2022/11/7,ECU,Cuenca,4,USD,-
modern art museum,Visiting,2022/11/7,ECU,Cuenca,0,USD,-
city museum,Visiting,2022/11/7,ECU,Cuenca,0,USD,-
cathedral museum,Visiting,2022/11/7,ECU,Cuenca,1,USD,-
enpalada,Stand,2022/11/7,PER,Tumbes,1,USD,-
happen earthquake,Accident,2022/11/8,PER,Tumbes,0,USD,-
talking with owner couple,Event,2022/11/8,PER,Tumbes,0,USD,-
there are a lot of Seal carcass,Accident,2022/11/9,PER,Tumbes,0,USD,-
Tumbes beach,Walking,2022/11/9,PER,Tumbes,0,USD,-
Máncora beach,Walking,2022/11/9,PER,Máncora,0,USD,-
The smell of garlic makes me want to vomit,Accident,2022/11/11,PER,Chiclayo,0,USD,-
mango juice,Stand,2022/11/13,PER,Cajamarca,5,PEN,-
soft cream,Snack,2022/11/13,PER,Cajamarca,5,PEN,-
last room of inka,Heritage,2022/11/13,PER,Cajamarca,5,PEN,-
Cajamarca high ground,Overviewing,2022/11/13,PER,Cajamarca,1,PEN,-
Cajamarca HotSpring,HotSpring,2022/11/13,PER,Cajamarca,9,PEN,-
lunch,Tourfood,2022/11/15,PER,Trujillo,30,PEN,Tour
pre inka Tour,Tour,2022/11/15,PER,Trujillo,60,PEN,-
mocho museum,Visiting,2022/11/15,PER,Trujillo,0,PEN,-
wanchako beach,Walking,2022/11/15,PER,Trujillo,0,PEN,-
sun and moon heritage,Visiting,2022/11/15,PER,Trujillo,0,PEN,-
heritage entry fee,Ticket,2022/11/15,PER,Trujillo,25,PEN,-
chimu museum,Visiting,2022/11/15,PER,Trujillo,0,PEN,-
chanchan heritage,Visiting,2022/11/15,PER,Trujillo,0,PEN,-
traditional dance,Other,2022/11/15,PER,Trujillo,0,PEN,-
jetty,Ticket,2022/11/15,PER,Trujillo,1,PEN,-
lunch,Eatery,2022/11/17,PER,Huaraz,16,PEN,-
Huaraz Museum,Visiting,2022/11/17,PER,Huaraz,7,PEN,-
Wilcawine heritage,Visiting,2022/11/17,PER,Huaraz,7,PEN,-
lunch,Transportfood,2022/11/18,PER,-,16,PEN,-
Lima transport card,Ticket,2022/11/18,PER,Lima,5,PEN,-
recharge to a transporrt card,Ticket,2022/11/18,PER,Lima,3,PEN,-
popcorn,Stand,2022/11/19,PER,Lima,5,PEN,-
lunch,Eatery,2022/11/19,PER,Lima,10,PEN,-
national Archaeology museum,Visiting,2022/11/19,PER,Lima,5,PEN,-
rarco museum,Visiting,2022/11/19,PER,Lima,35,PEN,-
renewal national Archaeology museum,Accident,2022/11/19,PER,Lima,0,PEN,-
I missed to go to north bus terminal,Accident,2022/11/19,PER,Lima,0,PEN,-
chicha zerry,Stand,2022/11/20,PER,ika,2,PEN,-
meeting with yuranora san,Event,2022/11/21,PER,Nazca,0,PEN,-
nazca Tour,Tour,2022/11/22,PER,Nazca,70,USD,-
first sesna,Event,2022/11/22,PER,Nazca,0,USD,-
antonini museum,Visiting,2022/11/22,PER,Nazca,20,PEN,-
the bus to Arequipa,Ticket,2022/11/22,PER,Nazca,110,PEN,throw the bus
the bus couldn' come because strike,Accident,2022/11/22,PER,Nazca,0,PEN,-
the bus couldn' come because strike,Accident,2022/11/23,PER,Nazca,0,PEN,-
played karaoke with franch man speaks Japanese well,Event,2022/11/25,PER,Arequipa,0,PEN,-
saint andes museum,Visiting,2022/11/25,PER,Arequipa,30,PEN,-
city museum,Visiting,2022/11/25,PER,Arequipa,0,PEN,-
water bridge,Heritage,2022/11/25,PER,Arequipa,0,PEN,-
coffee,Cafe,2022/11/25,PER,Arequipa,6,PEN,-
carmen overviewing,Visiting,2022/11/25,PER,Arequipa,5,PEN,-
Toilet,Toilet,2022/11/26,PER,Arequipa,1.5,PEN,-
Exchange from peru sols to chille pesos,Exchange,2022/11/26,PER,Tacuna,0,PEN,150 PEN => 36000CLP
lunch,Restaurant,2022/11/26,CHL,Arica,11000,CLP,Shopping morl
alicca museum,Visiting,2022/11/27,CHL,Arica,2000,CLP,Shopping morl
alica fortless,Walking,2022/11/27,CHL,Arica,0,CLP,-
ear plug,Shopping,2022/11/28,CHL,Arica,4000,CLP,-
sim card,Shopping,2022/11/28,CHL,Arica,4990,CLP,-
Iquique museum,Visiting,2022/11/29,CHL,Iquique,0,CLP,-
ceviche,Restaurant,2022/12/2,CHL,La Serena,11000,CLP,-
bread,Stand,2022/12/2,CHL,La Serena,1000,CLP,-
Pisco Sour,Bar,2022/12/2,CHL,La Serena,3500,CLP,-
Archaeological Museum,Visiting,2022/12/2,CHL,La Serena,0,CLP,-
hot dog,Stand,2022/12/4,CHL,Santiago de Chile,2500,CLP,-
closed sience museum,Accident,2022/12/4,CHL,Santiago de Chile,0,CLP,-
santarsia overviewing,Walking,2022/12/4,CHL,Santiago de Chile,0,CLP,-
chicken,Stand,2022/12/5,CHL,Valparaiso,2000,CLP,-
hot dog,Stand,2022/12/5,CHL,Valparaiso,2000,CLP,-
cola,Drink,2022/12/7,CHL,Antofagasta,2000,CLP,-
pukla heritage,Visiting,2022/12/9,CHL,San Pedro de Atacama,5650,CLP,-
bolivia border Tour,Tour,2022/12/9,CHL,San Pedro de Atacama,34155,CLP,-
Pisco Sour,Tourfood,2022/12/9,CHL,San Pedro de Atacama,0,CLP,tour
border HotSpring,HotSpring,2022/12/9,CHL,San Pedro de Atacama,0,CLP,tour
dinner,Restaurant,2022/12/10,CHL,Calama,14850,CLP,Restrant
bolivian food,Eatery,2022/12/12,BOL,Uyuni,15,BOB,-
meeting with yuranora san,Event,2022/12/12,BOL,Uyuni,0,BOB,-
meeting with sasa san,Event,2022/12/12,BOL,Uyuni,0,BOB,-
train Graveyard,Heritage,2022/12/12,BOL,Uyuni,0,BOB,-
Washing fee,Washing,2022/12/12,BOL,Uyuni,15,BOB,-
uyuni night Tour,Tour,2022/12/12,BOL,Uyuni,150,BOB,-
uyuni salt lake,Visiting,2022/12/12,BOL,Uyuni,0,BOB,-
picking up garbage,Event,2022/12/12,BOL,Uyuni,0,BOB,be watched strange man
umita 5s,Stand,2022/12/14,BOL,Potosi,10,BOB,-
Haircut,Haircut,2022/12/14,BOL,Sucre,30,BOB,-
missed the bus,Accident,2022/12/14,BOL,Potosi,20,BOB,-
Washing fee,Washing,2022/12/14,BOL,Sucre,30,BOB,-
colonial museum,Visiting,2022/12/15,BOL,Sucre,45,BOB,-
dinasour foot stamp,Heritage,2022/12/15,BOL,Sucre,0,BOB,-
shower fee,Shopping,2022/12/16,BOL,Sucre,10,BOB,-
breakfast,Eatery,2022/12/17,BOL,La Paz,35,BOB,terminal
la Paz metro card,Ticket,2022/12/17,BOL,La Paz,30,BOB,-
national museum,Visiting,2022/12/17,BOL,La Paz,20,BOB,-
returned my lundury without washing,Accident,2022/12/17,BOL,La Paz,0,BOB,-
chicha zerry,Stand,2022/12/19,BOL,Copacabana,1,BOB,-
copacabana beach,Walking,2022/12/19,BOL,Copacabana,0,BOB,-
Boat fee,Ticket,2022/12/20,BOL,Copacabana,5,BOB,-
Pisco Sour,Bar,2022/12/21,PER,Puno,16,PEN,-
Puno beach,Walking,2022/12/21,PER,Puno,0,PEN,-
Puno museum,Walking,2022/12/21,PER,Puno,15,PEN,-
blockade bus terminal,Accident,2022/12/21,PER,Puno,0,PEN,-
Exchanged to 224BOB,Exchange,2022/12/22,BOL,Copacabana,0,PEN,120PEN => 224BOB
pudding,Stand,2022/12/23,BOL,Copacabana,3,BOB,-
terminal fee,Ticket,2022/12/23,BOL,La Paz,2.5,BOB,-
Statue of Christ,Overviewing,2022/12/24,BOL,Ciudad de Cochabamba,0,BOB,-
metting with Japanese 2 women,Event,2022/12/24,BOL,Ciudad de Cochabamba,0,BOB,-
joined at xmas party,Event,2022/12/24,BOL,Ciudad de Cochabamba,0,BOB,-
lunch,Eatery,2022/12/25,BOL,Ciudad de Cochabamba,15,BOB,-
joined xmas misa,Event,2022/12/25,BOL,Ciudad de Cochabamba,0,BOB,-
cochabamba cathedral,Visiting,2022/12/25,BOL,Ciudad de Cochabamba,0,BOB,-
lake cochabamba,Walking,2022/12/26,BOL,Ciudad de Cochabamba,0,BOB,-
ice cream,Snack,2022/12/26,BOL,Ciudad de Cochabamba,5,BOB,-
lunch,Eatery,2022/12/26,BOL,Ciudad de Cochabamba,15,BOB,-
lunch,Eatery,2022/12/26,BOL,Santa Cruz de la Sierra,15,BOB,-
I collapsed from poor health,Accident,2022/12/26,BOL,Santa Cruz de la Sierra,0,BOB,-
terminal fee,Ticket,2022/12/29,BOL,Santa Cruz de la Sierra,3,BOB,-
stopped for 2 hours because demonstration,Accident,2022/12/29,BOL,-,0,BOB,-
ramen + juice,Restaurant,2023/1/1,BOL,Tarija,27,BOB,-
Tarija cathedral,Visiting,2023/1/1,BOL,Tarija,0,BOB,-
joined new year misa,Event,2023/1/1,BOL,Tarija,0,BOB,-
Exchanged to 63000ARP,Exchange,2023/1/1,BOL,Tarija,0,USD,200USD => 63000ARP
lunch,Eatery,2023/1/2,BOL,Tarija,20,BOB,market
shower fee,Shopping,2023/1/2,BOL,Tarija,10,BOB,-
meeting up with my family on network,Event,2023/1/2,BOL,Tarija,0,BOB,online
tarija overviewing,Walking,2023/1/2,BOL,Tarija,0,BOB,-
rainbow hill,Nature,2023/1/3,ARG,purmamarca,100,ARS,-
sweets,Snack,2023/1/3,ARG,purmamarca,300,ARS,-
baggage,Tips,2023/1/4,ARG,jujuy,100,ARS,-
bread + coffee,Cafe,2023/1/4,ARG,Salta,500,ARS,-
salta overviewing,Visiting,2023/1/5,ARG,Salta,0,ARS,-
salta historial museum,Visiting,2023/1/6,ARG,Salta,0,ARS,-
cabild museum,Visiting,2023/1/6,ARG,Salta,0,ARS,-
anhel's museum,Visiting,2023/1/6,ARG,Salta,700,ARS,-
keeping bagage fee,Other,2023/1/6,ARG,Salta,500,ARS,-
bread,Bakery,2023/1/8,ARG,Corrientes,300,ARS,-
along parana river,Walking,2023/1/8,ARG,Corrientes,0,ARS,-
lunch,Restaurant,2023/1/10,ARG,Puerto Iguazu,1500,ARS,-
Iguaz waterfall,Visiting,2023/1/10,ARG,Puerto Iguazu,5500,ARS,1USD = 255ARS
Iguaz waterfall,Visiting,2023/1/10,BRA,Foz do Iguaçu,86,BRL,-
meeting up with madoka san,Event,2023/1/11,PRY,Yguazú,0,PYG,-
meeting up with the man returned south poke,Event,2023/1/11,PRY,Yguazú,0,PYG,-
ygazu Japanese regidence,Walking,2023/1/12,PRY,Yguazú,0,PYG,-
lunch,Eatery,2023/1/12,PRY,Yguazú,15000,PYG,-
around minsyuku kobayashi,Walking,2023/1/12,PRY,Yguazú,0,PYG,-
Japanese meal,Restaurant,2023/1/13,PRY,Yguazú,30000,PYG,-
ito park,Walking,2023/1/13,PRY,Yguazú,0,PYG,-
itaipu dam,Heritage,2023/1/14,PRY,itaipu,0,PYG,-
Grilled Skewers,Stand,2023/1/15,PRY,itaipu,100,JPY,-
Encarnación beach,Walking,2023/1/15,PRY,Encarnación,0,PYG,-
Trinidad heritage,Visiting,2023/1/16,PRY,Trinidad,25000,PYG,-
lunch,Restaurant,2023/1/16,PRY,Trinidad,20000,PYG,-
ice cream,Snack,2023/1/16,PRY,Trinidad,5000,PYG,-
lunch,Restaurant,2023/1/18,PRY,Ciudad de Asunción,100000,PYG,-
barubero museum,Visiting,2023/1/18,PRY,Ciudad de Asunción,0,PYG,-
Exchanged to ?? ARS,Exchange,2023/1/18,PRY,Ciudad de Asuncion,0,PYG,from 400000 to ?? ARS
Exchanged to ?? ARS,Exchange,2023/1/20,ARG,Santa Fe de la Vera Cruz,0,USD,from 100USD 1USD = 360ARS
Cashing from atm,Cashing,2023/1/20,ARG,Santa Fe de la Vera Cruz,0,ARS,10000ARS
joined birthday party,Event,2023/1/21,ARG,Santa Fe de la Vera Cruz,0,ARS,-
around santa fe,Walking,2023/1/21,ARG,Santa Fe de la Vera Cruz,0,ARS,-
coffee+bread,Cafe,2023/1/23,ARG,VillaCaropas,450,ARS,-
ice cream,Snack,2023/1/23,ARG,VillaCaropas,200,ARS,-
Exchanged to ?? ARS,Exchange,2023/1/23,ARG,Córdoba,0,USD,from 100USD 1USD=370ARS
VillaCaropas,Walking ,2023/1/23,ARG,VillaCaropas,0,ARS,-
regional museum,Visiting,2023/1/24,ARG,Córdoba,100,ARS,-
cabird museum,Visiting,2023/1/24,ARG,Córdoba,0,ARS,-
currency museum,Visiting,2023/1/24,ARG,Córdoba,0,ARS,-
Observation deck,Overviewing,2023/1/24,ARG,Córdoba,0,ARS,-
lunch,Restaurant,2023/1/25,ARG,Bahía Blanca,1600,ARS,-
Sube card,Ticket,2023/1/25,ARG,Bahía Blanca,490,ARS,-
pasta without source,Accident,2023/1/25,ARG,Bahía Blanca,0,ARS,-
Mar del Plata beach,Walking,2023/1/26,ARG,Mar del Plata,0,ARS,-
I couldn't stay the hotel I reserved,Accident,2023/1/28,ARG,La Plata,0,ARS,-
Cashing from atm,Cashing,2023/1/29,ARG,La Plata,0,ARS,15000ARS
manjyu,Snack,2023/1/30,ARG,Buenos Aires,500,ARS,-
Japanese garden,Park,2023/1/30,ARG,Buenos Aires,690,ARS,-
clock tower,Heritage,2023/1/30,ARG,Buenos Aires,500,ARS,-
chyoripan,Stand,2023/1/30,ARG,Buenos Aires,700,ARS,-
I was impressed by kids when I folded a carne by paper ,Accident,2023/1/30,ARG,Buenos Aires,0,ARS,-
coffee,Cafe,2023/1/31,URY,Colonia del Sacramento,470,ARS,-
water,Drink,2023/2/1,URY,Colonia del Sacramento,150,JPY,-
water bottle,Shopping,2023/2/1,URY,Nueva Parmira,500,UYU,-
Nueva Parmira beach,Walking,2023/2/2,URY,Nueva Parmira,0,UYU,-
Florida cathedral,Visiting,2023/2/3,URY,Florida,0,UYU,-
Punta del Este beach,Walking,2023/2/4,URY,Punta del Este,0,UYU,-
Cabo Polonio beach,Walking,2023/2/5,URY,Cabo Polonio,0,UYU,-
entry Tax,Tax,2023/2/5,URY,Cabo Polonio,350,UYU,-
Punta del Diablo,Walking,2023/2/6,URY,Punta del Diablo,0,UYU,-
enparada x2,Stand,2023/2/6,URY,Punta del Diablo,160,UYU,-
ice cream,Snack,2023/2/6,URY,Punta del Diablo,160,UYU,-
beer + snack,Supermarket,2023/2/7,URY,Punta del Diablo,200,UYU,-
dinner,Eatery,2023/2/7,URY,Punta del Diablo,10,USD,-
lunch,Eatery,2023/2/9,BRA,Pelotas,700,JPY,-
Pelotas beach,Walking,2023/2/9,BRA,Pelotas,0,JPY,-
Porto Alegre beach,Walking,2023/2/10,BRA,Porto Alegre,0,JPY,-
lunch,Eatery,2023/2/12,BRA,Criciúma,18,BRL,-
500ml juice,Drink,2023/2/12,BRA,Criciúma,8,BRL,-
coffee,Cafe,2023/2/13,BRA,Florianópolis,8,BRL,-
Santa Catalina,Walking,2023/2/14,BRA,Florianópolis,0,BRL,-
buffee,Eatery,2023/2/16,BRA,Curitiba,16,BRL,-
Japanese food,Eatery,2023/2/17,BRA,Curitiba,20,BRL,-
parana museum,Visiting,2023/2/17,BRA,Curitiba,0,BRL,-
lunch,Eatery,2023/2/18,BRA,Curitiba,20,BRL,-
sushi,Stand,2023/2/19,BRA,Londrina,22,BRL,-
lunch,Eatery,2023/2/21,BRA,Campo Grande,28.9,BRL,-
dinner,Restaurant,2023/2/21,BRA,Bonito,50,BRL,with yuranora san
meeting up with yuranora san,Event,2023/2/21,BRA,Bonito,0,BRL,-
Blue cave Tour,Tour,2023/2/22,BRA,Bonito,110,BRL,-
Pantanal Tropical Wetland,Walking,2023/2/24,BRA,Corumbá,0,BRL,-
soba,Eatery,2023/2/25,BRA,Campo Grande,35,BRL,-
coffee,Cafe,2023/2/28,BRA,Belo Horizonte,2.5,BRL,-
chocolate,Snack,2023/2/28,BRA,Belo Horizonte,6,BRL,-
had a sick from sunset,Accident,2023/2/28,BRA,Belo Horizonte,0,BRL,-
went to hospital,Accident,2023/3/1,BRA,Ouro Preto,0,BRL,-
coffee,Cafe,2023/3/4,BRA,Belo Horizonte,7,BRL,-
new shoes,Shopping,2023/3/7,PRT,Lisbon,6649,JPY,-
lunch,Restaurant,2023/3/8,PRT,Lisbon,43,EUR,-
start My side hurts,Accident,2023/3/8,PRT,Lisbon,0,EUR,-
lisbon overviewing,Visiting,2023/3/9,PRT,Lisbon,0,EUR,-
left my bus to leon,Accident,2023/3/11,PRT,Lisbon,15,EUR,-
paid two days in leon,Accident,2023/3/12,PRT,Lisbon,23.63,EUR,-
Leon Cathedral,Visiting,2023/3/13,ESP,leon,7,EUR,-
Washing fee,Washing,2023/3/13,ESP,leon,10,EUR,-
national museum,Visiting,2023/3/14,ESP,Madrid,3,EUR,-
hospital,Accident,2023/3/14,ESP,Madrid,0,EUR,-
bread,Bakery,2023/3/15,ESP,Madrid,5,EUR,-
hospital,Accident,2023/3/16,ESP,Madrid,0,EUR,-
dryer fee,Washing,2023/3/16,ESP,Madrid,5,EUR,-
keeping bagage fee,Shopping,2023/3/17,ESP,Madrid,5,EUR,-
navy museum,Visiting,2023/3/17,ESP,Madrid,3,EUR,-
coffee,Bar,2023/3/18,ESP,Málaga,5,EUR,-
forign telephone,Accident,2023/3/19,ESP,Madrid,20000,JPY,-
water,Drink,2023/3/20,ESP,Madrid,3.5,EUR,Airport
hospital,Accident,2023/3/22,JPN,Kobe,0,JPY,-
PartTimeJob,PartTimeJob,2023/4/12,JPN,Kobe,0,JPY,-
PartTimeJob,PartTimeJob,2023/4/13,JPN,Kobe,0,JPY,-
PartTimeJob,PartTimeJob,2023/4/15,JPN,Kobe,0,JPY,-
PartTimeJob,PartTimeJob,2023/4/16,JPN,Kobe,0,JPY,-
PartTimeJob,PartTimeJob,2023/4/17,JPN,Kobe,0,JPY,-
I broke my ribs working at the circus.,Accident,2023/4/17,JPN,Kobe,0,JPY,-
throwed my Ticket frome greece to egypt,Accident,2023/4/18,JPN,Kobe,16600,JPY,-
throwed my Ticket frome JPN to greece,Accident,2023/4/18,JPN,Kobe,16600,JPY,-
completed to cure my pneumonia,Event,2023/4/27,JPN,Kobe,0,JPY,-
Meeting up with yuranora san,Event,2023/5/3,JPN,Kobe,4000,JPY,-
PartTimeJob,PartTimeJob,2023/5/16,JPN,Kobe,0,JPY,-
PartTimeJob,PartTimeJob,2023/5/17,JPN,Kobe,0,JPY,-
PartTimeJob,PartTimeJob,2023/5/18,JPN,Kobe,0,JPY,-
PartTimeJob,PartTimeJob,2023/5/23,JPN,Kobe,0,JPY,-
hospital,Accident,2023/5/23,JPN,Kobe,0,JPY,-
PartTimeJob,PartTimeJob,2023/5/24,JPN,Kobe,0,JPY,-
PartTimeJob,PartTimeJob,2023/5/25,JPN,Kobe,0,JPY,-
PartTimeJob,PartTimeJob,2023/5/26,JPN,Kobe,0,JPY,-
lunch,Eatery,2023/5/29,TWN,Taipei,200,TWD,Airport
transport card,Ticket,2023/5/29,TWN,Taipei,200,TWD,-
kokyu museum,Visiting,2023/5/30,TWN,Taipei,350,TWD,-
Audio guide,Shopping,2023/5/30,TWN,Taipei,150,TWD,kokyu museum
sweets,Snack,2023/5/31,TWN,Taichung ,35,TWD,-
taichung temple,Church,2023/5/31,TWN,Taichung ,0,TWD,-
sweets,Snack,2023/6/1,TWN,Tainan,35,TWD,-
syutohu,Stand,2023/6/1,TWN,Tainan,50,TWD,-
coffee+cake,Cafe,2023/6/1,TWN,Tainan,110,TWD,-
zepeia castle,Visiting,2023/6/1,TWN,Tainan,70,TWD,-
lunch,Eatery,2023/6/2,TWN,Kaohsiung,90,TWD,-
tainan park,Walking,2023/6/2,TWN,Tainan,0,TWD,-
kaoshung overviewing,Overviewing,2023/6/2,TWN,Kaohsiung,0,TWD,-
lunch,Eatery,2023/6/3,TWN,Kaohsiung,95,TWD,-
I forgot my telephone,Accident,2023/6/3,TWN,Kaohsiung,0,TWD,airport
grab,Ticket,2023/6/4,PHL,Manila,1000,PHP,-
dinner,Eatery,2023/6/4,PHL,Manila,50,PHP,-
sandiago fortless,Visiting,2023/6/4,PHL,Manila,75,PHP,-
Natural History Museum,Visiting,2023/6/4,PHL,Manila,0,PHP,-
bread,Stand,2023/6/5,PHL,Manila,30,PHP,-
picnic grove park,Visiting,2023/6/5,PHL,Tagaitay,75,PHP,-
tofu with strberry source,Stand,2023/6/5,PHL,Tagaitay,10,PHP,-
check vacaccion,Accident,2023/6/6,PHL,Batangas,50,PHP,-
terminal fee,Ticket,2023/6/6,PHL,Batangas,30,PHP,-
entry Tax,Tax,2023/6/6,PHL,paratero,110,PHP,-
sazan beach,Walking,2023/6/6,PHL,paratero,0,PHP,-
lunch,Eatery,2023/6/6,PHL,paratero,80,PHP,-
lunch,Eatery,2023/6/7,PHL,paratero,92,PHP,-
coconats juice,Stand,2023/6/7,PHL,paratero,60,PHP,-
Rental motorcycle,Shopping,2023/6/7,PHL,paratero,500,PHP,-
terminal fee,Ticket,2023/6/8,PHL,paratero,10,PHP,-
sweets,Snack,2023/6/9,PHL,Mabini,25,PHP,-
hot dog,Stand,2023/6/10,PHL,Balanga,50,PHP,-
jory bee,ChainStore,2023/6/10,PHL,Balanga,75,PHP,-
ginger rice,Stand,2023/6/10,PHL,Balanga,50,PHP,-
national park,Ticket,2023/6/10,PHL,Balanga,50,PHP,-
joined misa,Event,2023/6/11,PHL,Balanga,0,PHP,-
keen shoes,Shopping,2023/6/17,JPN,Osaka,20000,JPY,-
Ikeda castle,Visiting,2023/6/17,JPN,Ikeda,770,JPY,-
Ikeda overviewing,Walking,2023/6/17,JPN,Ikeda,0,JPY,-
turkie dish,Eatery,2023/6/18,JPN,Kobe,1000,JPY,with my friend
coffee,Cafe,2023/6/18,JPN,Kobe,450,JPY,with my friend
Kobe forign people museum,Visiting,2023/6/18,JPN,Kobe,2100,JPY,with my friend
hospital,Accident,2023/6/19,JPN,Kobe,0,JPY,with my friend
vetnam barger,Eatery,2023/6/21,VNM,Hà Nội,17100,VND,-
Cashing from atm,Cashing,2023/6/22,GBR,London,0,GBP,20 GBP
macdnard,BugerShop,2023/6/23,GBR,London,10,GBP,-
Washing fee,Washing,2023/6/23,GBR,London,5,GBP,-
great ingland museum,Visiting,2023/6/23,GBR,London,5,GBP,-
keeping bagage fee,Accident,2023/6/23,GBR,London,5,GBP,great ingland museum
wentminstar temple,Church,2023/6/23,GBR,London,0,GBP,-
big ben clock tower,Heritage,2023/6/23,GBR,London,0,GBP,-
bakkingum palace,Visiting,2023/6/23,GBR,London,0,GBP,-
Reykjavík cathedral,Visiting,2023/6/24,ISL,Reykjavík,0,ISK,-
island national museum,Visiting,2023/6/24,ISL,Reykjavík,2500,ISK,-
daunats,Supermarket,2023/6/25,ISL,Reykjavík,200,JPY,-
Vorganes,Walking,2023/6/25,ISL,Vorganes,0,ISK,-
Washing fee,Washing,2023/6/26,ISL,Reykjavík,1500,ISK,-
meeting up with jeramy san,Event,2023/6/27,ISL,Reykjavík,0,ISK,-
Hahunarfi,Walking,2023/6/27,ISL,Hahunarfi,0,ISK,-
humberger,Eatery,2023/6/28,IRL,Dublin,9.5,EUR,Airport
irish coffee,Cafe,2023/6/28,IRL,Dublin,5,EUR,-
EU rail pass 30 days,Ticket,2023/6/28,UNK,-,767,USD,-
wickrow beach,Walking,2023/6/29,IRL,Dublin,0,EUR,-
tea,Cafe,2023/6/30,GBR,Belfast,2.5,GBP,Museum
keeping bagage fee,Shopping,2023/6/30,GBR,Belfast,1,GBP,-
alster national museum,Visiting,2023/6/30,GBR,Belfast,0,GBP,-
Belfast,Walking,2023/6/30,GBR,Belfast,0,GBP,-
lost acommodation fee in Edinburgh,Accident,2023/6/30,GBR,Belfast,27.36,EUR,-
daifuku,Stand,2023/7/1,GBR,Edinburgh,2.5,GBP,-
dryer fee,Washing,2023/7/1,GBR,Edinburgh,3,GBP,-
Edinburgh,Walking,2023/7/1,GBR,Edinburgh,0,GBP,-
costa coffee,Cafe,2023/7/4,GBR,Swansea,2.75,GBP,-
breefs x 3,Shopping,2023/7/4,GBR,Southampton,5,GBP,-
Washing fee,Washing,2023/7/4,GBR,London,7.5,GBP,-
I cant't Exchange my northan irland currency,Accident,2023/7/5,GBR,London,0,GBP,7.5 GBP
bread,Bakery,2023/7/5,FRA,Amiens,3.5,EUR,-
Croissant,Bakery,2023/7/6,FRA,Amiens,1.1,EUR,-
Lille 24 hour Ticket,Ticket,2023/7/6,FRA,Amiens,5.4,EUR,-
Lille fortless,Visiting,2023/7/6,FRA,Lille,0,EUR,-
Lille cathedral,Visiting,2023/7/6,FRA,Lille,0,EUR,-
Amiens cathedral,Visiting,2023/7/6,FRA,Amiens,0,EUR,-
ice candy,Stand,2023/7/7,LUX,Luxemburg,2.2,EUR,-
Belgium waffle,Stand,2023/7/7,BEL,Namur,3,EUR,-
Luxemburg cathedral,Visiting,2023/7/7,LUX,Luxemburg,0,EUR,-
Luxemburg,Walking,2023/7/7,LUX,Luxemburg,0,EUR,-
Arlon cathedral,Visiting,2023/7/7,BEL,Arlon,0,EUR,-
namur fortless,Visiting,2023/7/7,BEL,Namur,0,EUR,-
poteto fried,Bar,2023/7/8,BEL,Leuven,5,EUR,-
Belgium beer,Bar,2023/7/8,BEL,Leuven,5,EUR,-
Belgium beer,Bar,2023/7/8,BEL,Leuven,4,EUR,-
Belgium beer,Bar,2023/7/8,BEL,Leuven,2.9,EUR,-
Hailstorm,Accident,2023/7/8,BEL,Bruxelles,0,EUR,-
san micheal cathedral,Visiting,2023/7/8,BEL,Bruxelles,0,EUR,-
Peeing Boy,Heritage,2023/7/8,BEL,Bruxelles,0,EUR,-
granplus,Heritage,2023/7/8,BEL,Bruxelles,0,EUR,-
loyal palace,Visiting,2023/7/8,BEL,Bruxelles,0,EUR,-
Toilet fee,Toilet,2023/7/9,NLD,Amsterdam,0.7,EUR,-
Zaanse Schans,Walking,2023/7/9,NLD,Zaanse Schans,0,EUR,-
ice cream,Snack,2023/7/11,DEU,Lubeck,1.5,EUR,-
beer,Supermarket,2023/7/11,DEU,Flensburg,0.99,EUR,-
bread,Bakery,2023/7/11,DEU,Flensburg,5,EUR,-
beer,Bar,2023/7/12,DNK,Kopenhagen,4,DKK,-
Aarhus cathedral,Visiting,2023/7/12,DNK,Aarhus,0,DKK,-
saint kunut cathedral,Visiting,2023/7/13,DNK,Roskilde,0,DKK,-
The Little Mermaid,Heritage,2023/7/13,DNK,Kopenhagen,0,DKK,-
Rental Bike,Ticket,2023/7/13,DNK,Kopenhagen,80,DKK,
Ham 100g,Supermarket,2023/7/13,DNK,Roskilde,25,DKK,-
bread,Supermarket,2023/7/13,DNK,Roskilde,12,DKK,-
cola,Supermarket,2023/7/13,DNK,Roskilde,10,DKK,-
kuronbo castle,Visiting,2023/7/13,DNK,Helsingor,0,DKK,-
oslo 24 Ticket,Ticket,2023/7/14,NOR,Oslo,121,NOK,-
coffee,Drink,2023/7/15,NOR,Oslo,36,NOK,-
beer,Bar,2023/7/15,NOR,Trondheim,59,NOK,-
berger king,BugerShop,2023/7/15,NOR,Trondheim,77,NOK,-
Toilet,Toilet,2023/7/15,NOR,Trondheim,10,NOK,-
starting fortless,Visiting,2023/7/15,NOR,Trondheim,0,NOK,-
nidaross fortless,Visiting,2023/7/15,NOR,Trondheim,0,NOK,-
saint ruder church,Visiting,2023/7/16,NOR,Bodo,0,NOK,-
food,Supermarket,2023/7/15,NOR,Bodo,1000,JPY,-
bodo port,Walking,2023/7/16,NOR,Bodo,0,JPY,-
bodo mountain,Walking,2023/7/16,NOR,Bodo,0,JPY,-
meeting up with german company,Event,2023/7/17,NOR,Narvik,0,JPY,-
narvik church,Visiting,2023/7/17,NOR,Narvik,0,JPY,-
supermarket,Shopping,2023/7/18,SWE,Luleå,105,SEK,-
Kiruna church,Visiting,2023/7/18,SWE,Kiruna,0,SEK,-
dinner,Eatery,2023/7/20,FIN,Helsinki,5.6,EUR,-
bread,Bakery,2023/7/21,FIN,Joensuu,1.2,EUR,-
Joensuu church,Visiting,2023/7/21,FIN,Joensuu,0,EUR,-
Joensuu national park,Visiting,2023/7/21,FIN,Joensuu,0,EUR,-
helsinki 24 hour Ticket,Ticket,2023/7/22,FIN,Helsinki,9,EUR,-
helsinki cathedral,Visiting,2023/7/22,FIN,Helsinki,0,EUR,-
helsinki beach,Walking,2023/7/22,FIN,Helsinki,0,EUR,-
talinn overviewing,Walking,2023/7/23,EST,Tallinn,0,EUR,-
Parnu beach,Walking,2023/7/23,EST,Parnu,0,EUR,-
Riga cathedral,Visiting,2023/7/24,LVA,Riga,0,EUR,-
Sigulda fortless,Visiting,2023/7/24,LVA,Sigulda,2,EUR,-
Sigulda overviewing,Walking,2023/7/24,LVA,Sigulda,0,EUR,-
datumanya cave,Walking,2023/7/24,LVA,Sigulda,0,EUR,-
transport card,Ticket,2023/7/25,LTU,Vilnius,2,EUR,-
charge,Ticket,2023/7/25,LTU,Vilnius,3,EUR,-
entried free day ,Event,2023/7/25,LTU,Vilnius,0,EUR,-
sanito petero & paulo church,Visiting,2023/7/25,LTU,Vilnius,0,EUR,-
saint ann church,Visiting,2023/7/25,LTU,Vilnius,0,EUR,-
gediminus tower,Overviewing,2023/7/25,LTU,Vilnius,0,EUR,-
ubupis republic,Walking,2023/7/25,LTU,Vilnius,0,EUR,-
Trakai lakeside,Walking,2023/7/25,LTU,Trakai,0,EUR,-
Kaunas castle,Visiting,2023/7/25,LTU,Kaunas,0,EUR,-
ice cream,Snack,2023/7/25,LTU,Kaunas,2,EUR,-
vitautas grand duke war museum,Visiting,2023/7/26,LTU,Kaunas,5,EUR,-
hes buger,BugerShop,2023/7/26,LTU,Kaunas,2.8,EUR,-
dounats,Bakery,2023/7/27,POL,Warszawa,11,PLN,-
20 minutes Ticket,Ticket,2023/7/27,POL,Warszawa,3.4,PLN,-
75 minutes Ticket,Ticket,2023/7/27,POL,Warszawa,4.4,PLN,-
statue of shopan,Heritage,2023/7/27,POL,Warszawa,0,PLN,-
wajenki palace,Visiting,2023/7/27,POL,Warszawa,0,PLN,-
wajenki palace,Visiting,2023/7/27,POL,Warszawa,0,PLN,-
bread,Stand,2023/7/28,POL,Kraków,2,PLN,-
Exchanged to 22 zl,Exchange,2023/7/28,POL,Kraków,0,EUR,from 5 EUR
Kraków cathedral,Visiting,2023/7/28,POL,Kraków,22,PLN,-
Kraków castle,Visiting,2023/7/28,POL,Kraków,0,PLN,-
guness beer,Bar,2023/7/28,POL,Wrocław,26,PLN,-
hot dog,Stand,2023/7/28,POL,Wrocław,8.5,PLN,-
EU rail pass 15 days,Ticket,2023/7/29,UNK,-,516,USD,-
hot dog,Stand,2023/7/29,DEU,Leipzig,3.5,EUR,-
beer,Bar,2023/7/29,DEU,Leipzig,1.79,EUR,-
Meisen cathedral,Visiting,2023/7/29,DEU,Meisen,3,EUR,-
pretzels,Bakery,2023/7/30,DEU,Erfurt,3,EUR,-
beer,Fesfood,2023/7/30,DEU,Stuttgart,11.8,EUR,fes
food,Fesfood,2023/7/30,DEU,Stuttgart,8,EUR,fes
90 min Ticket,Ticket,2023/7/31,DEU,Niamberg,3.4,EUR,-
niamberg castle,Visiting,2023/7/31,DEU,Niamberg,0,EUR,-
30 min Ticket x 2,Ticket,2023/7/31,CZE,Praha,60,CZK,-
praha church,Visiting,2023/7/31,CZE,Praha,0,CZK,-
praha castle,Visiting,2023/7/31,CZE,Praha,0,CZK,-
cake,Stand,2023/8/1,SVK,vrutky,1.2,EUR,-
ice cream,Snack,2023/8/2,SVK,Kosice,1.5,EUR,-
took the train to oppacite direction,Accident,2023/8/3,HUN,Miskolc,0,EUR,-
adapter for EU,Shopping,2023/8/3,HUN,Budapest,3000,HUF,-
24 hour Ticket,Ticket,2023/8/4,HUN,Budapest,2500,HUF,-
Exchanged to 700ft,Exchange,2023/8/4,HUN,Esztergom,0,EUR,from 2EUR 
Esztergom cathedral,Visiting,2023/8/4,HUN,Esztergom,0,HUF,-
Esztergom tresure room,Museum,2023/8/4,HUN,Esztergom,1500,HUF,-
Washing fee,Washing,2023/8/4,HUN,Budapest,8,EUR,-
soup,Eatery,2023/8/4,HUN,Budapest,2000,HUF,market
pizza,Eatery,2023/8/4,HUN,Budapest,2000,HUF,market
beer,Supermarket,2023/8/4,HUN,Budapest,1000,HUF,asahi super dry
Budapest castle,Visiting,2023/8/4,HUN,Budapest,0,HUF,-
saint isutborn cathedral,Visiting,2023/8/4,HUN,Budapest,0,HUF,-
60 min Ticket,Ticket,2023/8/5,AUT,Graf,3,EUR,-
120 min Ticket,Ticket,2023/8/6,AUT,Wien,2.4,EUR,-
shutefun cathedral,Visiting,2023/8/6,AUT,Wien,0,EUR,-
royal palace,Visiting,2023/8/6,AUT,Wien,0,EUR,-
60 min Ticket,Ticket,2023/8/6,AUT,Salzburg,2.2,EUR,-
mirabel garden,Visiting,2023/8/6,AUT,Salzburg,0,EUR,-
hoenzalzburg castle,Visiting,2023/8/6,AUT,Salzburg,0,EUR,-
Tourlist visa,Shopping,2023/8/7,LIE,Vaduz,3,EUR,-
Liechtenstein cathedral,Visiting,2023/8/7,LIE,Vaduz,0,EUR,-
60 min Ticket,Ticket,2023/8/7,CHE,Zurich,4.4,CHF,-
banana x 2,Stand,2023/8/7,CHE,Zurich,160,JPY,-
sweets,Stand,2023/8/7,CHE,Zurich,1.2,CHF,-
sweets,Stand,2023/8/8,CHE,Zurich,0.95,CHF,-
60 min Ticket,Ticket,2023/8/8,CHE,Genave,3,CHF,-
zurirch park,Walking,2023/8/8,CHE,Zurich,0,CHF,-
Bern cathedral,Visiting,2023/8/8,CHE,Bern,0,CHF,-
Genave cathedral,Visiting,2023/8/8,CHE,Genave,0,CHF,-
lake leman,Walking,2023/8/8,CHE,Genave,0,CHF,-
60 min Ticket,Ticket,2023/8/8,FRA,Lyon,2,CHF,-
pocky,Snack,2023/8/9,FRA,Bourges,1.2,EUR,Vending Machine
Throat lozenges,Sovnir,2023/8/9,FRA,Vichy,3.5,EUR,-
Bourges Cathedral,Visiting,2023/8/9,FRA,Bourges,0,EUR,-
Bourges wetland,Walking,2023/8/9,FRA,Bourges,0,EUR,-
Drinking HotSpring,Drink,2023/8/9,FRA,Vichy,0.5,EUR,-
transport card,Ticket,2023/8/9,FRA,Clermont-Ferrand,2,EUR,-
micheran company,Visiting,2023/8/10,FRA,Clermont-Ferrand,0,EUR,-
Notre Dame Cathedral,Visiting,2023/8/10,FRA,Clermont-Ferrand,0,EUR,-
Notre Dame Cathedral,Visiting,2023/8/10,FRA,Clermont-Ferrand,0,EUR,-
Pau castle,Visiting,2023/8/11,FRA,Pau,0,EUR,-
wine,Supermarket,2023/8/11,FRA,La Réole,2.5,EUR,-
backpack,Shopping,2023/8/11,FRA,Bordeaux,5,EUR,-
air Pillow,Shopping,2023/8/11,FRA,Bordeaux,13,EUR,-
great bell,Heritage,2023/8/11,FRA,Bordeaux,0,EUR,-
Bayonne cathedral,Church,2023/8/12,FRA,Bayonne,0,EUR,-
Hendaye Walking,Walking,2023/8/12,FRA,Hendaye,0,EUR,-
santa maria cathedral,Visiting,2023/8/12,ESP,Hondarribia,0,EUR,-
Donostia fortless,Visiting,2023/8/12,ESP,Donostia,0,EUR,-
Donostia cathedral,Visiting,2023/8/12,ESP,Donostia,0,EUR,-
Pamplona cathedral,Visiting,2023/8/12,ESP,Pamplona,0,EUR,-
Toilet,Toilet,2023/8/13,ESP,Zaragoza,1,EUR,-
Zaragoza cathedral,Visiting,2023/8/13,ESP,Zaragoza,0,EUR,-
arufafiria palace,Visiting,2023/8/13,ESP,Zaragoza,0,EUR,-
cola + biscut,Supermarket,2023/8/13,ESP,Zaragoza,3.9,EUR,-
emparada,Stand,2023/8/13,ESP,Madrid,7.5,EUR,Station
Croissant,Stand,2023/8/13,ESP,Madrid,2.5,EUR,Station
transport card,Ticket,2023/8/13,ESP,Madrid,2.5,EUR,-
toredo fortless,Walking,2023/8/14,ESP,toledo,0,EUR,-
Madrid park,Walking,2023/8/14,ESP,toledo,0,EUR,-
Sevilla cathedral,Visiting,2023/8/14,ESP,Sevilla,0,EUR,-
sarbador church,Visiting,2023/8/14,ESP,Sevilla,0,EUR,-
spain park,Visiting,2023/8/15,ESP,Sevilla,0,EUR,-
Algeciras park,Walking,2023/8/15,ESP,Algeciras,0,EUR,-
king wall,Heritage,2023/8/15,ESP,Ceuta,0,EUR,-
ice cream,Snack,2023/8/15,MAR,Fnideku,10,MAD,-
cola,Drink,2023/8/15,MAR,Fnideku,5,MAD,-
bread,Stand,2023/8/15,MAR,Fnideku,6,MAD,-
dinner,ChainStore,2023/8/15,MAR,Tangier,20,MAD,-
Walking around tanginer with morocco's people,Event,2023/8/15,MAR,Tangier,0,MAD,-
coffee,Cafe,2023/8/16,MAR,Tangier,14,MAD,-
lunch,Eatery,2023/8/16,MAR,Tangier,20,MAD,-
tangier beach,Walking,2023/8/16,MAR,Tangier,0,MAD,-
bread,Stand,2023/8/17,MAR,Chefchaouen,8,MAD,-
scacks,Stand,2023/8/17,MAR,Chefchaouen,8,MAD,-
Toilet,Toilet,2023/8/17,MAR,Chefchaouen,1,MAD,-
Chefchaouen overviewing,Walking,2023/8/17,MAR,Chefchaouen,1,MAD,-
meeting up with some Japanese,Event,2023/8/17,MAR,Chefchaouen,0,MAD,-
rambled the fes labiriz,Accident,2023/8/17,MAR,Fes,0,MAD,-
fes royal palace,Visiting,2023/8/17,MAR,Fes,0,MAD,-
the grave of merinideth,Overviewing,2023/8/17,MAR,Fes,0,MAD,-
coffee,Cafe,2023/8/18,MAR,Fes,10,MAD,-
bread,Stand,2023/8/18,MAR,Fes,16,MAD,-
dounats,Stand,2023/8/18,MAR,Meknès,16,MAD,-
panini,Eatery,2023/8/18,MAR,Meknès,34,MAD,-
hot dog,Stand,2023/8/18,MAR,Meknès,6,MAD,-
meeting up with marco,Event,2023/8/18,MAR,Meknès,0,MAD,-
kuskus,Restaurant,2023/8/19,MAR,Rabat,50,MAD,-
Sale beach,Walking,2023/8/19,MAR,Sale,0,MAD,-
hassan tower,Heritage,2023/8/19,MAR,Rabat,0,MAD,-
introduce caspa,Accident,2023/8/20,MAR,Rabat,5,MAD,-
rabat beach,Walking,2023/8/20,MAR,Rabat,0,MAD,-
strange meat,Stand,2023/8/21,MAR,bus,20,MAD,-
Essaouira museum,Visiting,2023/8/21,MAR,Essaouira,60,MAD,-
Essaouira beach,Walking,2023/8/21,MAR,Essaouira,0,MAD,-
Essaouira fortless,Walking,2023/8/21,MAR,Essaouira,0,MAD,-
Toilet,Toilet,2023/8/21,MAR,bus,2,MAD,-
had bad status because Lack of sleep and diarrhea,Accident,2023/8/22,MAR,bus,0,MAD,-
kuskus,Eatery,2023/8/22,MAR,marrakech,40,MAD,-
sandwich,Stand,2023/8/24,MAR,marrakech,15,MAD,-
cake + tea,Cafe,2023/8/24,MAR,marrakech,20,MAD,-
soda,Drink,2023/8/25,MAR,marrakech,10,MAD,-
soda,Drink,2023/8/25,MAR,Ouarzazate,20,MAD,-
tea,Cafe,2023/8/26,MAR,Ouarzazate,5,MAD,-
napolitan,Restaurant,2023/8/26,MAR,Errachidia,15,MAD,-
panini,Transportfood,2023/8/27,MAR,-,45,MAD,-
panini,Eatery,2023/8/28,MAR,Meknès,20,MAD,-
coffee,Cafe,2023/8/28,MAR,Meknès,15,MAD,-
tea,Cafe,2023/8/28,MAR,Oujda,10,MAD,-
tajin,Restaurant,2023/8/29,MAR,Oujda,40,MAD,-
juice,Stand,2023/8/29,MAR,Oujda,14,MAD,-
beer + snack,Transportfood,2023/8/30,MAR,-,3.5,EUR,-
nador beach,Walking,2023/8/30,MAR,nador,0,MAD,-
Exchanged to 31 eur,Exchange,2023/8/30,MAR,nador,0,MAD,from 340 MAD
I had gone to wrong deparute port,Accident,2023/8/30,MAR,nador,0,MAD,-
Almería cathedral,Visiting,2023/8/31,ESP,Almería,0,MAD,-
Almería beach,Walking,2023/8/31,ESP,Almería,0,MAD,-
arbaisin overviewing,Walking,2023/8/31,ESP,Granada,0,MAD,-
granada cathedral,Visiting,2023/8/31,ESP,Granada,0,MAD,-
paellia,Eatery,2023/9/2,ESP,Barcelona,11.8,EUR,-
espresso,Cafe,2023/9/2,ESP,Barcelona,1.6,EUR,-
Toilet,Toilet,2023/9/2,ESP,Barcelona,1,EUR,-
Barcelona port,Walking,2023/9/2,ESP,Barcelona,0,EUR,-
Andorra la Vieja overviewing,Walking,2023/9/3,AND,Andorra la Vieja,0,EUR,-
Pizza,Eatery,2023/9/3,FRA,Carcassonne,9,EUR,-
Carcassonne cathedral,Visiting,2023/9/3,FRA,Carcassonne,0,EUR,-
Carcassonne fortless,Visiting,2023/9/3,FRA,Carcassonne,0,EUR,-
cleap,Stand,2023/9/4,FRA,Avignon,2.8,EUR,-
avignon bridge,Heritage,2023/9/4,FRA,Avignon,5,EUR,-
avignon cathedral,Visiting,2023/9/4,FRA,Avignon,0,EUR,-
transport card,Ticket,2023/9/4,FRA,nice,2,EUR,-
transport card,Ticket,2023/9/4,FRA,nice,10,EUR,from airport
macdonald,BugerShop,2023/9/5,ITA,Milano,5,EUR,-
Mirano cathedral,Visiting,2023/9/5,ITA,Milano,0,EUR,-
Mirano fortless,Visiting,2023/9/5,ITA,Milano,0,EUR,-
dinner,InnDinner,2023/9/5,ITA,Milano,0,EUR,marco's house
stayed in marco's house,Event,2023/9/5,ITA,Milano,0,EUR,-
espresso,Cafe,2023/9/6,ITA,Milano,2.2,EUR,-
panini,Eatery,2023/9/6,ITA,Genova,4.5,EUR,-
Toilet,Toilet,2023/9/6,ITA,Genova,1,EUR,-
Genova port,Walking,2023/9/6,ITA,Genova,0,EUR,-
Genova Cathedral,Visiting,2023/9/6,ITA,Genova,0,EUR,-
Tower of Pisa,Heritage,2023/9/7,ITA,Pisa,0,EUR,-
Pisa cathedral,Visiting,2023/9/7,ITA,Pisa,0,EUR,-
took the train to oppacite direction,Accident,2023/9/7,ITA,Pisa,0,EUR,-
Firenze Cathedral,Visiting,2023/9/7,ITA,Firenze,0,EUR,-
Kebab,Stand,2023/9/7,ITA,Firenze,4.5,EUR,-
San Marino palace,Visiting,2023/9/7,SMR,San Marino,0,EUR,-
dinner,Eatery,2023/9/7,SMR,San Marino,6,EUR,-
hot snack,Stand,2023/9/7,SMR,San Marino,3,EUR,-
pizza,Stand,2023/9/8,ITA,Venezia,2.5,EUR,-
Prosciutto,Supermarket,2023/9/8,ITA,San Vito al Tagliamento,6,EUR,-
couldn't enter my inn until 3:00,Accident,2023/9/8,ITA,San Vito al Tagliamento,0,EUR,-
rimini gate,Heritage,2023/9/8,ITA,Rimini,0,EUR,-
espresso,Cafe,2023/9/9,ITA,Trieste,1.1,EUR,-
Toilet,Toilet,2023/9/9,ITA,Trieste,0.5,EUR,-
san gest cathedral,Visiting,2023/9/9,ITA,Trieste,0,EUR,-
Trieste port,Walking,2023/9/9,ITA,Trieste,0,EUR,-
Roma theather,Walking,2023/9/9,ITA,Trieste,0,EUR,-
transport card,Ticket,2023/9/9,SVN,Lubiana,5,EUR,-
Lubiana overviewing,Walking,2023/9/9,SVN,Lubiana,0,EUR,-
Toilet,Toilet,2023/9/10,SVN,Maribor,0.5,EUR,-
zidani most,Walking,2023/9/10,SVN,zidani most,0,EUR,-
poteto and winer,Eatery,2023/9/10,SVN,Maribor,5,EUR,-
beer,Bar,2023/9/10,SVN,Maribor,2.5,EUR,-
Washing fee,Washing,2023/9/10,HRV,zagreb,10,EUR,-
bread,Bakery,2023/9/10,HRV,zagreb,1.1,EUR,-
zagreb cathedral,Visiting,2023/9/11,HRV,zagreb,0,EUR,-
saint marco church,Visiting,2023/9/11,HRV,zagreb,0,EUR,-
zadar beach,Walking,2023/9/11,HRV,Zadar,0,EUR,-
split overviewing,Walking,2023/9/12,HRV,split,0,EUR,-
split heritage,Walking,2023/9/12,HRV,split,0,EUR,-
24 hour Ticket,Ticket,2023/9/12,HRV,dubrovnik,5.31,EUR,-
dubrovnik fortless,Visiting,2023/9/12,HRV,dubrovnik,0,EUR,-
espresso,Cafe,2023/9/14,ITA,Bari,1.2,EUR,-
24 hour Ticket,Ticket,2023/9/14,ITA,Roma,7,EUR,-
baggage keep fee,Accident,2023/9/15,ITA,Roma,2,EUR,-
san pietro cathedral,Visiting,2023/9/15,VAT,Vaticanae,0,EUR,-
Knights of Malta Headquarters,Visiting,2023/9/15,MOM,Roma,0,EUR,-
Trevi Fountain,Heritage,2023/9/15,ITA,Roma,0,EUR,-
Pantheon,Heritage,2023/9/15,ITA,Roma,0,EUR,-
Mouth of Truth,Heritage,2023/9/15,ITA,Roma,1,EUR,-
Colosseum,Heritage,2023/9/15,ITA,Roma,0,EUR,-
I was scammed in navona park,Accident,2023/9/15,ITA,Roma,20,EUR,-
Margarita,Stand,2023/9/16,ITA,naples,2.5,EUR,-
Naples cathedral,Visiting,2023/9/16,ITA,naples,0,EUR,-
coast 24 hour Ticket,Ticket,2023/9/16,ITA,Sorrento,10,EUR,-
Amalfitana cathedral,Visiting,2023/9/16,ITA,Amalfitana,0,EUR,-
Lemon Gelato,Stand,2023/9/16,ITA,Amalfitana,8,EUR,-
espresso and bread,Cafe,2023/9/16,ITA,Salerno,5,EUR,-
walked to my inn by 4km,Accident,2023/9/16,ITA,vallo scaro,0,EUR,-
Gave pasta from italian ofbollona,Event,2023/9/16,ITA,vallo scaro,0,EUR,-
espresso,Cafe,2023/9/17,ITA,vallo scaro,1,EUR,-
returned to train station by 4km,Accident,2023/9/17,ITA,vallo scaro,0,EUR,-
pizza,ChainStore,2023/9/17,ITA,Pompei,6.3,EUR,Shopping morl
Toilet,Toilet,2023/9/17,ITA,Pompei,1,EUR,-
pompei heritage,Visiting,2023/9/17,ITA,Pompei,21,EUR,-
pompei heritage audio guide,Shopping,2023/9/17,ITA,Pompei,8,EUR,-
coffee + water,Cafe,2023/9/18,ITA,Pompei,5,EUR,-
cola,Drink,2023/9/18,ITA,Salerno,2.5,EUR,-
espresso,Cafe,2023/9/18,ITA,Salerno,1.6,EUR,-
dinner,Transportfood,2023/9/18,ITA,-,20,EUR,-
dinner additional fee,Accident,2023/9/18,ITA,-,34,EUR,-
45 min Ticket,Ticket,2023/9/18,ITA,Salerno,2.5,EUR,-
salerno cathedral,Visiting,2023/9/18,ITA,Salerno,0,EUR,-
breakfast,Transportfood,2023/9/18,ITA,-,10,EUR,-
Haircut,Haircut,2023/9/19,TUN,tunis,20,TND,-
tea,Cafe,2023/9/20,TUN,tunis,5,TND,Museum
baldo museum,Visiting,2023/9/20,TUN,tunis,13,TND,-
kuskus,Restaurant,2023/9/20,TUN,Sousse,5.6,EUR,-
snacks,Stand,2023/9/21,TUN,Sfax,5,TND,-
Colosseum,Heritage,2023/9/21,TUN,El Djem,12,TND,-
Sousse beach,Walking,2023/9/21,TUN,Sousse,0,TND,-
crepe,Eatery,2023/9/22,TUN,Kairouan,6,TND,-
coffee,Cafe,2023/9/22,TUN,tunis,3,TND,-
kairoan common Ticket,Ticket,2023/9/22,TUN,Kairouan,12,TND,-
kairoan pond,Heritage,2023/9/22,TUN,Kairouan,0,TND,-
kairoan grand mosk,Visiting,2023/9/22,TUN,Kairouan,0,TND,-
kairoan Mausoleum,Heritage,2023/9/22,TUN,Kairouan,0,TND,-
Japanese garden,Visiting,2023/9/22,TUN,tunis,0,TND,-
tipical food,Stand,2023/9/23,TUN,Sidi Bou Said,3,TND,-
cola,Drink,2023/9/23,TUN,Carthago,5,TND,heritage
esspresso,Cafe,2023/9/23,TUN,La Goletta,3.5,TND,-
seafood dish,Eatery,2023/9/23,TUN,La Goletta,15,TND,-
carthago common Ticket,Ticket,2023/9/23,TUN,Carthago,12,TND,-
road map fee,Accident,2023/9/23,TUN,La Goletta,3,TND,Beggar
carthago heritage,Visiting,2023/9/23,TUN,Carthago,0,TND,-
roman theather,Heritage,2023/9/23,TUN,Carthago,0,TND,-
roman residence,Heritage,2023/9/23,TUN,Carthago,0,TND,-
roman termae,Heritage,2023/9/23,TUN,Carthago,0,TND,-
carthago port ruin,Heritage,2023/9/23,TUN,Carthago,0,TND,-
finikian temple,Heritage,2023/9/23,TUN,Carthago,0,TND,-
Gelato,Stand,2023/9/24,ITA,Palermo,3,EUR,-
Palermo cathedral,Visiting,2023/9/24,ITA,Palermo,0,EUR,-
Palermo beach,Visiting,2023/9/24,ITA,Palermo,0,EUR,-
Arancini,Stand,2023/9/25,ITA,Siracusa,3,EUR,-
Siracusa cathedral,Visiting,2023/9/25,ITA,Siracusa,3,EUR,-
greece heritage,Visiting,2023/9/25,ITA,Siracusa,0,EUR,-
Arancini,Stand,2023/9/26,ITA,Taormina,2.5,EUR,-
Sicily tipical food,Stand,2023/9/26,ITA,Catania,3,EUR,-
Messina cathedral,Visiting,2023/9/26,ITA,Messina,0,EUR,-
Messina church,Visiting,2023/9/26,ITA,Messina,0,EUR,-
Messina overviewing,Visiting,2023/9/26,ITA,Messina,0,EUR,-
Taormina cathedral,Visiting,2023/9/26,ITA,Taormina,0,EUR,-
Transport card,Ticket,2023/9/27,MLT,Valletta,6,EUR,-
saint elmo fortless,Visiting,2023/9/27,MLT,Valletta,0,EUR,-
bread,Bakery,2023/9/27,MLT,Valletta,2,EUR,-
canned coffee,Bakery,2023/9/27,MLT,Valletta,2,EUR,-
americano,Cafe,2023/9/27,MLT,Valletta,1.8,EUR,-
malta archelogical museum,Visiting,2023/9/27,MLT,Valletta,5,EUR,-
malta 2 hour Ticket,Ticket,2023/9/27,MLT,Valletta,2,EUR,-
jeans,Shopping,2023/9/27,MLT,Valletta,30,EUR,-
lunch,Stand,2023/9/28,ITA,Catania,4,EUR,-
Arancini,Stand,2023/9/28,ITA,Catania,3.5,EUR,-
Arancini,Stand,2023/9/28,ITA,Taranto,4,EUR,-
bread,Bakery,2023/9/29,ITA,Brindisi,6,EUR,-
water,Supermarket,2023/9/29,ITA,Brindisi,0.3,EUR,-
espresso,Cafe,2023/9/29,ITA,Brindisi,1.2,EUR,-
cola,Drink,2023/9/29,ITA,Brindisi,3,EUR,port
Lecce Ticket,Ticket,2023/9/29,ITA,Lecce,1.1,EUR,-
Taranto port,Walking,2023/9/29,ITA,Taranto,0,EUR,-
Lecce cathedral,Visiting,2023/9/29,ITA,Lecce,0,EUR,-
roman Amphitheater,Heritage,2023/9/29,ITA,Lecce,0,EUR,-
Brindisi port,Heritage,2023/9/29,ITA,Brindisi,0,EUR,-
americano,Cafe,2023/9/30,GRC,Igoumenitsa,3,EUR,-
bread,Bakery,2023/9/30,GRC,Ioannina,2.9,EUR,-
americano,Cafe,2023/9/30,GRC,Ioannina,2,EUR,-
bread,Bakery,2023/9/30,GRC,Ioannina,3,EUR,-
ioania archilogical museum,Visiting,2023/9/30,GRC,Ioannina,6,EUR,-
ioania fortless,Visiting,2023/9/30,GRC,Ioannina,0,EUR,-
lake ioania,Walking,2023/9/30,GRC,Ioannina,0,EUR,-
Arc de Triomphe,Heritage,2023/10/1,GRC,Thessaloníki,0,EUR,-
Thessaloníki cathedral,Visiting,2023/10/1,GRC,Thessaloníki,0,EUR,-
Thessaloníki port,Walking,2023/10/1,GRC,Thessaloníki,0,EUR,-
white tower,Heritage,2023/10/1,GRC,Thessaloníki,0,EUR,-
Thessaloníki archelogical museum,Visiting,2023/10/1,GRC,Thessaloníki,8,EUR,-
beer,Restaurant,2023/10/2,MKD,Skopje,150,MKD,-
tipical food,Restaurant,2023/10/2,MKD,Skopje,620,MKD,-
bread,Restaurant,2023/10/2,MKD,Skopje,80,MKD,-
coffee,Cafe,2023/10/2,MKD,Skopje,90,MKD,-
skopke fortless,Visiting,2023/10/2,MKD,Skopje,0,MKD,-
lunch,Eatery,2023/10/3,MKD,Skopje,350,JPY,-
coffee,Cafe,2023/10/3,MKD,Skopje,70,MKD,-
Macedonia museum,Visiting,2023/10/3,MKD,Skopje,100,MKD,-
archelogical museum,Visiting,2023/10/3,MKD,Skopje,200,MKD,-
Skopje church,Visiting,2023/10/3,MKD,Skopje,0,MKD,-
dinner,Stand,2023/10/4,MKD,Skopje,200,MKD,-
bread,Bakery,2023/10/5,MKD,Ohrid,100,MKD,-
esspresso,Cafe,2023/10/5,MKD,Ohrid,100,JPY,-
St sophea cathedral,Visiting,2023/10/5,MKD,Ohrid,0,JPY,-
lake ohrid,Walking,2023/10/5,MKD,Ohrid,0,JPY,-
coffee,Cafe,2023/10/6,ALB,Elbasan,100,ALL,-
Berat castle,Walking,2023/10/6,ALB,Berat,0,ALL,-
water 2 L,Supermarket,2023/10/7,ALB,Berat,55,ALL,-
espresso,Cafe,2023/10/7,ALB,Berat,100,ALL,-
Gjirokastor castle,Visiting,2023/10/7,ALB,Gjirokastor,400,ALL,-
Washing fee,Washing,2023/10/7,ALB,Saranda,580,ALL,-
Saranda beach,Walking,2023/10/7,ALB,Saranda,0,ALL,-
esspresso,Cafe,2023/10/7,ALB,Saranda,100,ALL,-
Cola,Drink,2023/10/8,ALB,Saranda,150,ALL,-
Vlora beach,Walking,2023/10/8,ALB,Vlora,0,ALL,-
esspresso,Cafe,2023/10/9,ALB,Tirana,80,ALL,-
Lake Tirana,Walking,2023/10/9,ALB,Tirana,0,ALL,-
esspresso,Cafe,2023/10/10,KVX,Prizren,1,EUR,-
Prizren castle,Visiting,2023/10/10,KVX,Prizren,0,EUR,-
Prizren castle,Visiting,2023/10/10,KVX,Prizren,0,EUR,-
Prizren history museum,Visiting,2023/10/10,KVX,Prizren,0,EUR,-
Albania union museum,Visiting,2023/10/10,KVX,Prizren,1,EUR,-
mOther telesa cathedral,Visiting,2023/10/11,KVX,Prishtina,0,EUR,-
archelogical museum,Visiting,2023/10/11,KVX,Prishtina,0,EUR,-
peja church,Visiting,2023/10/11,KVX,Peja ,0,EUR,-
americano,Cafe,2023/10/12,KVX,Prishtina,1.5,EUR,-
snacks,Snack,2023/10/12,KVX,Prishtina,1.5,EUR,-
bread,Bakery,2023/10/13,MNE,Ulcinj,1.8,EUR,-
mini bread,Bakery,2023/10/13,MNE,Ulcinj,0.9,EUR,-
Ulcinj beach,Walking,2023/10/13,MNE,Ulcinj,0,EUR,-
Ulcinj fortless,Walking,2023/10/13,MNE,Ulcinj,0,EUR,-
Podgorica cathedral,Walking,2023/10/13,MNE,Podgorica,0,EUR,-
Podgorica castle,Walking,2023/10/13,MNE,Podgorica,0,EUR,-
bread + coffee,Cafe,2023/10/14,MNE,jabljak,1.3,EUR,-
water,Supermarket,2023/10/14,MNE,jabljak,0.6,EUR,-
black lake national park,Visiting,2023/10/14,MNE,jabljak,5,EUR,-
Kotor fortless,Visiting,2023/10/15,MNE,Kotor,8,EUR,-
espresso,Cafe,2023/10/16,MNE,Cetinje,2,EUR,-
bread,Bakery,2023/10/16,MNE,Podgorica,4,EUR,-
national museum,Visiting,2023/10/17,BIH,Sarajevo,8,BAM,-
Banja Luka church,Visiting,2023/10/19,BIH,Banja Luka,0,BAM,-
Banja Luka fortless,Visiting,2023/10/19,BIH,Banja Luka,0,BAM,-
Sored throat,Accident,2023/10/20,BIH,Banja Luka,0,BAM,-
Jajce fortless,Visiting,2023/10/20,BIH,Jajce,2,BAM,-
Jajce waterfall,Visiting,2023/10/21,BIH,Jajce,5,BAM,-
coffee,Cafe,2023/10/22,BIH,Tuzla,2,BAM,-
esspresso,Cafe,2023/10/22,BIH,Tuzla,2,BAM,-
lunch,Restaurant,2023/10/22,BIH,Tuzla,12.5,BAM,-
beograd 24 hour Ticket,Ticket,2023/10/23,SRB,Beograd,2,EUR,-
Feeling fatigued,Accident,2023/10/23,SRB,Beograd,0,EUR,-
S sawa cathedral,Visiting,2023/10/23,SRB,Beograd,0,EUR,-
S marco church,Visiting,2023/10/23,SRB,Beograd,0,EUR,-
Beograd fortless,Visiting,2023/10/23,SRB,Beograd,0,EUR,-
coffee and milk,Cafe,2023/10/24,SRB,Novi Sad,200,RSD,-
soup,Eatery,2023/10/24,SRB,Novi Sad,300,RSD,-
Novi Sad cathedral,Visiting,2023/10/24,SRB,Novi Sad,0,RSD,-
donau river,Walking,2023/10/24,SRB,Novi Sad,0,RSD,-
rested by the river,Event,2023/10/24,SRB,Novi Sad,0,RSD,-
esspresso,Cafe,2023/10/25,SRB,Beograd,155,RSD,-
T-shirt,Shopping,2023/10/25,SRB,Niš,962,JPY,-
Mediana heritage,Visiting,2023/10/26,SRB,Niš,500,RSD,-
Gave 5 north irland currency to a student in UK,Event,2023/10/26,SRB,Niš,0,RSD,-
sofia  24 hour Ticket,Ticket,2023/10/27,BGR,Sofia,4.8,BGN,-
humberger,Stand,2023/10/27,BGR,Sofia,8.5,BGN,-
S Sofia church,Visiting,2023/10/27,BGR,Sofia,6,BGN,-
Bulgaria national museum,Visiting,2023/10/27,BGR,Sofia,12,BGN,-
Washing fee,Washing,2023/10/27,BGR,Sofia,15,BGN,-
pizza,Stand,2023/10/28,BGR,Sofia,3.5,BGN,-
coffee,Cafe,2023/10/28,BGR,Sofia,2,BGN,-
rested on the bed,Accident,2023/10/28,BGR,Sofia,0,BGN,-
bread,Bakery,2023/10/29,BGR,Plovdiv,2.5,BGN,-
bread,Bakery,2023/10/31,BGR,Ruse,1.5,BGN,-
Exchanged to 245 rei,Exchange,2023/10/31,BGR,Ruse,0,EUR,from 50 EUR
historical museum,Visiting,2023/11/1,ROU,Bucharest,20,RON,-
Arc de Triomphe,Heritage,2023/11/1,ROU,Bucharest,0,RON,-
musical hall,Heritage,2023/11/1,ROU,Bucharest,0,RON,-
black church,Visiting,2023/11/1,ROU,Brașov,0,RON,-
pizza,Stand,2023/11/1,ROU,Brașov,12,RON,-
Pizza fried,Stand,2023/11/2,ROU,Sighisoara,10,RON,-
coffee,Cafe,2023/11/2,ROU,Sighisoara,4,RON,-
Sighisoara fortless,Visiting,2023/11/2,ROU,Sighisoara,0,RON,-
coffee,Cafe,2023/11/3,ROU,Sibiu,5.5,RON,-
Cluj-Napoca cathedral,Visiting,2023/11/3,ROU,Cluj-Napoca,0,RON,-
Cluj-Napoca fortless,Visiting,2023/11/3,ROU,Cluj-Napoca,0,RON,-
bread + cola,Bakery,2023/11/5,ROU,Iași,9,RON,-
Toilet,Toilet,2023/11/5,ROU,Iași,1,RON,-
Chișinău cathedral,Visiting,2023/11/6,MDA,Chișinău,0,RON,-
lake Chișinău,Visiting,2023/11/6,MDA,Chișinău,0,RON,-
Arc de Triomphe,Heritage,2023/11/6,MDA,Chișinău,0,RON,-
bread,Bakery,2023/11/7,MDA,Cahul,6,MDL,-
espresso,Cafe,2023/11/7,MDA,Cahul,14,MDL,-
bread,Bakery,2023/11/7,MDA,Cahul,12,MDL,-
Toilet,Toilet,2023/11/7,MDA,Cahul,3,MDL,-
esspresso,Cafe,2023/11/8,ROU,Constanța,5,RON,-
Constanța port,Walking,2023/11/8,ROU,Constanța,0,RON,-
Constanța 24 hour Ticket,Ticket,2023/11/9,ROU,Constanța,10,RON,-
Ethnographic Museum,Visiting,2023/11/9,ROU,Constanța,10,RON,-
Constanța beach,Visiting,2023/11/9,ROU,Constanța,0,RON,-
coffee and milk,Cafe,2023/11/9,ROU,Constanța,6,RON,-
throw my flight Ticket to bayroot,Accident,2023/11/10,BGR,Varna,9470,JPY,-
Shumen mosk,Visiting,2023/11/10,BGR,Shumen,0,BGN,-
Varna 24 hour Ticket,Ticket,2023/11/10,BGR,Varna,4,BGN,-
Roman termae,Heritage,2023/11/10,BGR,Varna,5,BGN,-
Exchanged to 815lira,Exchange,2023/11/11,BGR,Burgas,0,BGN,from 55 BGN
istanbul transit card,Ticket,2023/11/11,TUR,Istanbul,20,TRY,-
Washing fee,Washing,2023/11/12,TUR,Istanbul,150,TRY,-
blue mosk,Visiting,2023/11/12,TUR,Istanbul,0,TRY,-
slaiman mosk,Visiting,2023/11/12,TUR,Istanbul,0,TRY,-
bread,Stand,2023/11/12,TUR,Istanbul,10,TRY,-
kebab,Stand,2023/11/12,TUR,Istanbul,185,TRY,-
cola,Drink,2023/11/12,TUR,Istanbul,40,TRY,-
snacks,Snack,2023/11/12,TUR,Istanbul,15,TRY,-
chay,Cafe,2023/11/12,TUR,Istanbul,10,TRY,-
electric cable,Shopping,2023/11/13,TUR,Çanakkale,100,TRY,-
chay,Cafe,2023/11/13,TUR,Çanakkale,7,TRY,-
dinner,Eatery,2023/11/13,TUR,Çanakkale,120,TRY,-
snacks,Snack,2023/11/13,TUR,Çanakkale,30,TRY,-
Çanakkale port,Walking,2023/11/13,TUR,Çanakkale,0,TRY,-
İzmir transit card,Ticket,2023/11/14,TUR,İzmir,70,TRY,-
bag,Shopping,2023/11/15,TUR,İzmir,300,TRY,-
S yohane cathedral,Visiting,2023/11/15,TUR,Seluuk,130,TRY,-
chay,Cafe,2023/11/15,TUR,Seluuk,5,TRY,-
dinner,Eatery,2023/11/15,TUR,Denizli,120,TRY,-
kabab,Stand,2023/11/16,TUR,Denizli,90,TRY,-
dinner,Eatery,2023/11/16,TUR,Antalya,120,TRY,-
pamukkale heritage,Visiting,2023/11/16,TUR,Pamukkale,700,TRY,-
pamukkale Lime shelf,Nature,2023/11/16,TUR,Pamukkale,0,TRY,pamukkale heritage
rain wear,Shopping,2023/11/16,TUR,Pamukkale,150,TRY,-
broken the bus,Accident,2023/11/16,TUR,-,0,TRY,-
Turkiye ice cream,Stand,2023/11/17,TUR,Antalya,150,TRY,-
bread,Stand,2023/11/17,TUR,Antalya,12,TRY,-
dinner,Eatery,2023/11/17,TUR,Antalya,90,TRY,rokanta
Stayed a room for sarvants,Accident,2023/11/17,TUR,Antalya,0,TRY,-
throwed my Ticket to northan qupuros,Accident,2023/11/17,TUR,Antalya,1030,JPY,-
Antalya archerogical museum,Visiting,2023/11/17,TUR,Antalya,340,TRY,-
Antalya beach,Walking,2023/11/17,TUR,Antalya,0,TRY,-
kebab,Stand,2023/11/18,TUR,Isparta,50,TRY,-
chay,Cafe,2023/11/18,TUR,Isparta,7,TRY,-
dinner,Eatery,2023/11/18,TUR,Konya,85,TRY,-
lunch,Stand,2023/11/19,TUR,Konya,35,TRY,-
mevrana mosk,Visiting,2023/11/19,TUR,Konya,0,TRY,-
mevrana mosk audio guide,Shopping,2023/11/19,TUR,Konya,70,TRY,-
Theological Seminary,Heritage,2023/11/19,TUR,Konya,60,TRY,-
chay,Cafe,2023/11/19,TUR,Konya,15,TRY,-
Ankara transit card,Ticket,2023/11/19,TUR,Ankara,40,TRY,-
chay x2,Cafe,2023/11/20,TUR,Ankara,15,TRY,-
Anatoria civilization museum,Visiting,2023/11/20,TUR,Ankara,280,TRY,-
Anatoria castle,Visiting,2023/11/20,TUR,Ankara,0,TRY,-
remaining 50 lira in anlkara card,Accident,2023/11/21,TUR,Ankara,50,TRY,-
Abu Dhabi transit card,Ticket,2023/11/21,ARE,Abu Dhabi,20,AED,-
dinner,Stand,2023/11/21,ARE,Abu Dhabi,5,AED,-
breakfast,Supermarket,2023/11/22,ARE,Abu Dhabi,6,AED,-
lunch,Stand,2023/11/22,ARE,Abu Dhabi,2,AED,-
ice cream,Stand,2023/11/22,ARE,Abu Dhabi,2,AED,-
egg curry,Stand,2023/11/22,ARE,Abu Dhabi,6,AED,-
macdonald,BugerShop,2023/11/22,ARE,Abu Dhabi,25,AED,Airport
Abu Dhabi beach,Walking,2023/11/22,ARE,Abu Dhabi,0,AED,-
cyprus transit card,Ticket,2023/11/22,CYP,Larnaca,5,EUR,-
Cashing from atm,Cashing,2023/11/22,CYP,Larnaca,0,EUR,get 50 EUR
dinner,Eatery,2023/11/22,CYP,Larnaca,5,EUR,-
Larnaca beach,Walking,2023/11/23,CYP,Larnaca,0,EUR,-
S razaro church,Visiting,2023/11/23,CYP,Larnaca,0,EUR,-
Churros,Stand,2023/11/23,NCY,Lefkosa,20,TRY,-
cyprus coffee,Cafe,2023/11/23,CYP,Nicosia,1.2,EUR,-
bread,Bakery,2023/11/23,CYP,Nicosia,3,EUR,-
cyprus museum,Visiting,2023/11/23,CYP,Nicosia,0,EUR,-
paphos heritage,Visiting,2023/11/24,CYP,paphos,4.5,EUR,-
paphos port,Walking,2023/11/24,CYP,paphos,0,EUR,-
Limassol port,Walking,2023/11/24,CYP,Limassol,0,EUR,-
remaining 5 EUR ,Accident,2023/11/24,CYP,Larnaca,0,EUR,-
arrival visa,Tax,2023/11/25,EGY,alexandria,25,USD,-
haricut,Haircut,2023/11/25,EGY,alexandria,130,EGP,-
dinner,Stand,2023/11/25,EGY,alexandria,500,JPY,-
tea,Stand,2023/11/26,EGY,alexandria,15,EGP,-
lunch,Stand,2023/11/26,EGY,alexandria,70,EGP,-
bread,Stand,2023/11/26,EGY,alexandria,10,EGP,-
alexandria museum,Visiting,2023/11/26,EGY,alexandria,120,EGP,-
alexandria beach,Visiting,2023/11/26,EGY,alexandria,0,EGP,-
lunch,Stand,2023/11/27,EGY,alexandria,25,EGP,-
coffee,Cafe,2023/11/27,EGY,alexandria,80,EGP,Terminal
KFC,ChainStore,2023/11/27,EGY,Port Said,84,EGP,-
suez canal,Canal,2023/11/27,EGY,Port Said,0,EGP,-
returned 500 pond from inn's ower,Event,2023/11/27,EGY,Port Said,0,EGP,-
lunch,Eatery,2023/11/28,EGY,Suez,87,EGP,-
Suez bay,Walking,2023/11/28,EGY,Suez,0,EGP,-
suez canal,Walking,2023/11/28,EGY,Suez,0,EGP,-
kojari,Stand,2023/11/28,EGY,Cairo,15,EGP,-
cola,Drink,2023/11/29,EGY,Cairo,12,EGP,-
old cairo church,Visiting,2023/11/29,EGY,Cairo,0,EGP,-
old cairo mosk,Visiting,2023/11/29,EGY,Cairo,0,EGP,-
Egypt national museum,Visiting,2023/11/29,EGY,Cairo,300,EGP,-
dinner,Restaurant,2023/11/29,EGY,Giza,60,EGP,-
it was dengerous to ride a motorcycle,Accident,2023/11/29,EGY,giza,0,EGP,-
I ate dinner with egptian and sudanian of my accomodation,Event,2023/11/29,EGY,giza,0,EGP,-
piramid,Heritage,2023/11/30,EGY,giza,360,EGP,-
I was taken a picture by a camel rider,Accident,2023/11/30,EGY,giza,150,EGP,-
lunch,Stand,2023/11/30,EGY,giza,10,EGP,-
coffee,Cafe,2023/11/30,EGY,giza,12,EGP,-
bread,Stand,2023/11/30,EGY,Cairo,25,EGP,-
Shrimp sandwich,Stand,2023/11/30,EGY,Cairo,25,EGP,-
juice,Stand,2023/11/30,EGY,Cairo,10,EGP,-
coffee,Cafe,2023/11/30,EGY,Cairo,15,EGP,-
kojari,Stand,2023/11/30,EGY,Cairo,25,EGP,-
bread x 3,Stand,2023/12/1,EGY,Cairo,25,EGP,-
bread,Stand,2023/12/1,EGY,Sohag,5,EGP,-
coffee,Cafe,2023/12/1,EGY,Sohag,15,EGP,-
dinner,Restaurant,2023/12/1,EGY,Sohag,80,EGP,-
sohag museum,Visiting,2023/12/2,EGY,Sohag,150,EGP,-
coffee,Cafe,2023/12/2,EGY,Sohag,10,EGP,-
lunch,Bakery,2023/12/2,EGY,Sohag,30,EGP,-
dinner,Stand,2023/12/2,EGY,Sohag,15,EGP,-
coffee,Cafe,2023/12/2,EGY,Sohag,28,EGP,airport
I was doubted a fake passport,Accident,2023/12/3,UZB,Toshkent,0,UZS,-
bread x 3,Supermarket,2023/12/3,UZB,Toshkent,6000,UZS,-
cola,Drink,2023/12/3,UZB,Toshkent,6000,UZS,-
coffee,Stand,2023/12/3,UZB,Toshkent,17000,UZS,-
Exchanged to 17000S,Exchange,2023/12/3,UZB,Toshkent,0,USD,from 14 USD
Sim card,Shopping,2023/12/3,UZB,Toshkent,8,USD,-
bread X2,Stand,2023/12/4,UZB,Toshkent,10000,UZS,-
non,Stand,2023/12/4,UZB,Samarkand,15000,UZS,-
yogurt,Supermarket,2023/12/4,UZB,Samarkand,15000,UZS,-
I had to change the bus 3 times because I missed  my accomodation,Accident,2023/12/4,UZB,Samarkand,0,UZS,-
lunch,Eatery,2023/12/5,UZB,Samarkand,10000,UZS,-
tea+sweets,Cafe,2023/12/5,UZB,Samarkand,27000,UZS,-
uzubeku ovesabvation,Heritage,2023/12/5,UZB,Samarkand,30000,UZS,-
S daniel Mausoleum,Heritage,2023/12/5,UZB,Samarkand,0,UZS,-
banana,Stand,2023/12/6,UZB,Toshkent,4000,UZS,-
croquette,Stand,2023/12/6,UZB,Toshkent,3000,UZS,-
lunch,Eatery,2023/12/6,UZB,Toshkent,30000,UZS,-
uzbekistan national museum,Visiting,2023/12/6,UZB,Toshkent,50000,UZS,-
I argued at Ticket counter and immigration,Accident,2023/12/6,UZB,Toshkent,0,UZS,-
lottelia,BugerShop,2023/12/7,KOR,Incheon,6400,KRW,-
Exchanged 50000 won,Exchange,2023/12/7,KOR,Incheon,0,USD,from 40 USD
korean transit card,Ticket,2023/12/7,KOR,Seoul,5000,KRW,-
mini taiyaki,Stand,2023/12/7,KOR,Seoul,3000,KRW,-
coffee,Cafe,2023/12/7,KOR,Seoul,3500,KRW,-
dinner,Eatery,2023/12/7,KOR,Seoul,7000,KRW,-
onigiri,Stand,2023/12/8,KOR,Seoul,1200,KRW,-
dinner,Eatery,2023/12/8,KOR,Daejeon,4000,KRW,-
oden,Stand,2023/12/8,KOR,Daejeon,2000,KRW,-
korean nationa museum,Visiting,2023/12/8,KOR,Seoul,0,KRW,-
bento,Supermarket,2023/12/9,KOR,Buyo,5500,KRW,convinience store
buyo castle,Visiting,2023/12/9,KOR,Buyo,2000,KRW,-
kudara heritage,Visiting,2023/12/9,KOR,Buyo,0,KRW,-
tomyankun,Stand,2023/12/9,KOR,Gwangju,5000,KRW,-
insect tukudani,Stand,2023/12/9,KOR,Gwangju,1000,KRW,-
lunch,Eatery,2023/12/10,KOR,Suncheon,9000,KRW,-
sunchoen wet land,Nature,2023/12/10,KOR,Suncheon,7000,KRW,-
gorosima,Nature,2023/12/11,KOR,Busan,0,KRW,-
coffee,Cafe,2023/12/11,KOR,Busan,6000,KRW,-
lunch,Eatery,2023/12/11,KOR,Busan,7500,KRW,-
karaage,Supermarket,2023/12/11,KOR,Busan,5900,KRW,depachika
bread x 3,Supermarket,2023/12/11,KOR,Busan,8600,KRW,depachika
sandwich,ChainStore,2023/12/12,JPN,Hakata,850,JPY,komeda coffee
ramen,Eatery,2023/12/12,JPN,Hakata,720,JPY,-
Exchanged to 26000 Yen,Exchange,2023/12/12,JPN,Hakata,0,USD,from 200USD
100kin,Shopping,2023/12/12,JPN,Hakata,1000,JPY,-
Hakozaki shrine,Visiting,2023/12/13,JPN,Hakata,0,JPY,-
hakata bay,Walking,2023/12/13,JPN,Hakata,0,JPY,-
shofukuji temple,Church,2023/12/13,JPN,Hakata,0,JPY,-
Beppu bay,Walking,2023/12/13,JPN,Beppu,0,JPY,-
Beppu onsen,HotSpring,2023/12/14,JPN,Beppu,100,JPY,-
dagoziru,Eatery,2023/12/14,JPN,Beppu,900,JPY,-
yukemuri overviewing,Visiting,2023/12/14,JPN,Beppu,0,JPY,-
Dogo onsen,HotSpring,2023/12/15,JPN,Dogo,460,JPY,-
Matsuyama castle,Visiting,2023/12/15,JPN,Matsuyama,0,JPY,-
bread X 3,Supermarket,2023/12/15,JPN,Yawatahama,450,JPY,-
donatts and onigiri,Supermarket,2023/12/15,JPN,Yawatahama,200,JPY,-
coffee,Stand,2023/12/16,JPN,Onomichi,170,JPY,-
taiyaki,Stand,2023/12/16,JPN,Onomichi,220,JPY,-
ramen,Eatery,2023/12/16,JPN,Onomichi,980,JPY,-
sento,HotSpring,2023/12/16,JPN,Onomichi,480,JPY,-
meet with my friend,Event,2023/12/16,JPN,Onomichi,0,JPY,-
seikokuji temple,Church,2023/12/16,JPN,Onomichi,0,JPY,-
sennkokuji temple,Church,2023/12/16,JPN,Onomichi,0,JPY,-
fukuyama castle,Visiting,2023/12/17,JPN,Fukuyama,0,JPY,-
taiyaki,Stand,2023/12/17,JPN,-,200,JPY,SA
coffee,Cafe,2023/12/17,JPN,Osaka,270,JPY,-
coffee,Cafe,2023/12/17,JPN,Osaka,100,JPY,macdonald
waffle,Stand,2023/12/17,JPN,Osaka,190,JPY,-
seisyun 18 Ticket,Ticket,2023/12/17,JPN,Osaka,12050,JPY,-
overglass,Shopping,2023/12/17,JPN,Osaka,3250,JPY,-
mee up with yo san and talked for 3hours,Event,2023/12/17,JPN,Osaka,0,JPY,-
biwako,Walking,2023/12/19,JPN,Hikone,0,JPY,-
mee up with my friend,Event,2023/12/19,JPN,Hikone,0,JPY,-
1st day of seisyun 18 Ticket,Event,2023/12/19,JPN,Hikone,0,JPY,-
gyudon,ChainStore,2023/12/19,JPN,Nagoya,460,JPY,-
2nd day of seisyunn 18 Ticket,Event,2023/12/21,JPN,Nagoya,0,JPY,-
Suwa taisya harusya shrine,Visiting,2023/12/21,JPN,Suwa,0,JPY,-
Suwa taisya akisya shrine,Visiting,2023/12/21,JPN,Suwa,0,JPY,-
3th day of seisyunn 18 Ticket,Event,2023/12/22,JPN,Suwa,0,JPY,-
takeda jinjya shrine,Visiting,2023/12/22,JPN,Kofu,0,JPY,-
kofu castle,Visiting,2023/12/22,JPN,Kofu,0,JPY,-
Chichibu jinnjya shrine,Visiting,2023/12/22,JPN,Chichibu,0,JPY,-
coroqetto soba,ChainStore,2023/12/22,JPN,Hachioji,530,JPY,-
Cream puffs,Stand,2023/12/22,JPN,Hachioji,160,JPY,-
meet up with sasa san,Event,2023/12/22,JPN,Shibuya,0,JPY,-
Tokyo national museum,Visiting,2023/12/23,JPN,Ueno,1000,JPY,-
sumidagawa river,Walking,2023/12/23,JPN,Akabane,0,JPY,-
yakisoba,Supermarket,2023/12/23,JPN,Kamakura,400,JPY,-
Washing fee,Washing,2023/12/23,JPN,Kamakura,550,JPY,-
4th day of seisyunn 18 Ticket,Event,2023/12/24,JPN,Kamakura,0,JPY,-
tsuruokahachimangu shrine,Visiting,2023/12/24,JPN,Kamakura,0,JPY,-
Jaxa Tsukuba center,Museum,2023/12/24,JPN,Tsukuba,0,JPY,-
lake kasumigaura,Walking,2023/12/24,JPN,Tsuchiura,0,JPY,-
meet up with my friend,Walking,2023/12/24,JPN,Tsuchiura,0,JPY,-
coffee zerry,Supermarket,2023/12/24,JPN,Odawara,128,JPY,-
sukiya,ChainStore,2023/12/24,JPN,Odawara,630,JPY,-
onsen manjyu,Stand,2023/12/25,JPN,Hakone,80,JPY,-
Odawara beach,Walking,2023/12/25,JPN,Odawara,0,JPY,-
Odawara castle,Visiting,2023/12/25,JPN,Odawara,0,JPY,-
Hakone mountain,Walking,2023/12/25,JPN,Hakone,0,JPY,-
5th day of seisyunn 18 Ticket,Event,2023/12/26,JPN,Hakone,0,JPY,-
anmaki,Stand,2023/12/26,JPN,Toyohashi,210,JPY,-
I started resort PartTimeJob,Other,2024/1/12,JPN,Atami,0,JPY,-
I finished resort PartTimeJob,Other,2024/2/28,JPN,Atami,0,JPY,-
miyashima entry fee,Tax,2024/4/1,JPN,Hiroshima,100,JPY,-
istsukushima jinnjya shrine,Visiting,2024/4/1,JPN,Hiroshima,300,JPY,-
gozasouro x 2,Stand,2024/4/1,JPN,Himeji,220,JPY,-
ekisoba,ChainStore,2024/4/1,JPN,Okayama,640,JPY,-
bento,Supermarket,2024/4/1,JPN,Hiroshima,500,JPY,-
momiji manjyu,Stand,2024/4/1,JPN,Hiroshima,120,JPY,-
lunch,Stand,2024/4/2,JPN,Shimonoseki,500,JPY,-
fugusen,Stand,2024/4/2,JPN,Shimonoseki,500,JPY,-
bread,Stand,2024/4/2,JPN,Shimonoseki,260,JPY,-
istanbul transit card,Ticket,2024/4/3,TUR,Istanbul,50,TRY,-
vegitable,Supermarket,2024/4/3,TUR,Istanbul,8,TRY,-
Honey 40 g,Supermarket,2024/4/3,TUR,Istanbul,26,TRY,-
yorgurt salad,Supermarket,2024/4/3,TUR,Istanbul,50,TRY,-
simit X 3,Stand,2024/4/3,TUR,Istanbul,30,TRY,-
bread,Stand,2024/4/3,TUR,Istanbul,36,TRY,-
simit ,Stand,2024/4/4,TUR,Istanbul,10,TRY,-
kebab,Stand,2024/4/4,TUR,Bursa,60,TRY,-
bread,Stand,2024/4/4,TUR,Bursa,20,TRY,-
food,Supermarket,2024/4/4,TUR,Eskişehir,20,TRY,-
lokanta,Eatery,2024/4/4,TUR,Eskişehir,175,TRY,-
sweets,Stand,2024/4/4,TUR,Eskişehir,5,TRY,-
chay,Cafe,2024/4/5,TUR,Eskişehir,20,TRY,-
lokanta,Eatery,2024/4/5,TUR,Ankara,100,TRY,-
simit,Stand,2024/4/5,TUR,Ankara,10,TRY,-
simit donauts,Stand,2024/4/5,TUR,Ankara,10,TRY,-
meat,Food,2024/4/5,TUR,Ankara,168.27,TRY,-
simit,Stand,2024/4/6,TUR,Ankara,10,TRY,-
lokanta,Eatery,2024/4/6,TUR,Çorum,68,TRY,-
sweets,Stand,2024/4/6,TUR,Çorum,25,TRY,-
water,Supermarket,2024/4/7,TUR,Çorum,8,TRY,-
pida and iran,Eatery,2024/4/7,TUR,Amasya,135,TRY,-
Toilet,Toilet,2024/4/7,TUR,Amasya,5,TRY,-
Rock-cut tombs,Heritage,2024/4/7,TUR,Amasya,50,TRY,-
simit,Stand,2024/4/7,TUR,Samsun,10,TRY,-
boiled corn,Stand,2024/4/7,TUR,Samsun,60,TRY,-
bread,Bakery,2024/4/7,TUR,Samsun,25,TRY,-
sweets,Stand,2024/4/7,TUR,Samsun,20,TRY,-
food,Supermarket,2024/4/7,TUR,Samsun,20,TRY,-
bread,Bakery,2024/4/8,TUR,Samsun,100,TRY,Terminal
chay,Cafe,2024/4/8,TUR,Samsun,15,TRY,-
sweets,Stand,2024/4/8,TUR,Trabzon,80,TRY,-
lokanta,Eatery,2024/4/8,TUR,Trabzon,130,TRY,-
bread X 3,Bakery,2024/4/9,TUR,Trabzon,20,TRY,-
sweets,Stand,2024/4/9,TUR,Trabzon,36,TRY,-
Toilet,Toilet,2024/4/9,TUR,Trabzon,7,TRY,-
Cashing from atm,Cashing,2024/4/9,TUR,Trabzon,0,TRY,1000 TRY
Erzurum castle,Visiting,2024/4/9,TUR,Erzurum,105,TRY,-
food,Supermarket,2024/4/9,TUR,Erzurum,7,TRY,-
lokanta,Eatery,2024/4/9,TUR,Erzurum,265,TRY,-
lokanta,Eatery,2024/4/10,TUR,Erzurum,120,TRY,-
bread X 2,Bakery,2024/4/10,TUR,Erzurum,30,TRY,-
Washing fee,Washing,2024/4/10,GEO,batumi,5,GEL,-
dinner,Eatery,2024/4/10,GEO,batumi,15,GEL,-
juice,Eatery,2024/4/10,GEO,batumi,3,GEL,-
Meet with an old Japanese,Event,2024/4/10,GEO,batumi,0,GEL,-
bread,Bakery,2024/4/11,GEO,batumi,3,GEL,-
coffee,Stand,2024/4/11,GEO,batumi,1,GEL,-
bread,Bakery,2024/4/11,GEO,batumi,3,GEL,-
bread,Bakery,2024/4/11,GEO,batumi,1.2,GEL,-
bread,Bakery,2024/4/11,GEO,batumi,1.5,GEL,-
food,Supermarket,2024/4/11,GEO,Kutaisi,6.53,GEL,-
bread,Bakery,2024/4/11,GEO,Kutaisi,1,GEL,-
cola,Drink,2024/4/12,GEO,Kutaisi,1.35,GEL,-
donauts,Bakery,2024/4/12,GEO,Kutaisi,1,GEL,-
bread,Bakery,2024/4/12,GEO,Tbilisi,1.5,GEL,-
food,Supermarket,2024/4/12,GEO,Tbilisi,7.3,GEL,-
Toilet,Toilet,2024/4/12,GEO,Tbilisi,0.5,GEL,-
ear plug,Shopping,2024/4/12,GEO,Tbilisi,2.3,GEL,-
coffee,Stand,2024/4/13,GEO,Tbilisi,1.5,GEL,-
bread,Bakery,2024/4/13,ARM,Yerevan,120,AMD,-
cola,Drink,2024/4/13,ARM,Yerevan,200,AMD,-
armenia pizza,Restaurant,2024/4/13,ARM,Yerevan,1300,AMD,restrant
beer,Restaurant,2024/4/13,ARM,Yerevan,500,AMD,restrant
bread,Restaurant,2024/4/13,ARM,Yerevan,200,AMD,restrant
water,Supermarket,2024/4/13,ARM,Yerevan,140,AMD,-
meet up with a young Japanese,Event,2024/4/13,ARM,Yerevan,0,AMD,-
bread,Bakery,2024/4/14,ARM,Sevan,200,AMD,-
bread,Bakery,2024/4/14,ARM,Sevan,240,AMD,-
lake sevan,Nature,2024/4/14,ARM,Sevan,0,AMD,-
I was taken a car,Event,2024/4/14,ARM,Sevan,0,AMD,-
food,Supermarket,2024/4/14,ARM,Gyumri,400,AMD,-
food,Supermarket,2024/4/14,ARM,Gyumri,890,AMD,-
beer,Stand,2024/4/14,ARM,Gyumri,400,AMD,-
bread,Stand,2024/4/15,ARM,Gyumri,200,AMD,-
juice,Stand,2024/4/15,ARM,Gyumri,320,AMD,-
bread,Bakery,2024/4/15,ARM,Gyumri,200,AMD,-
wine icecream,Stand,2024/4/16,GEO,Tbilisi,5,GEL,-
wine,Restaurant,2024/4/16,GEO,Tbilisi,10,GEL,restrant
lunch,Restaurant,2024/4/16,GEO,Tbilisi,14,GEL,restrant
eat Tax,Tax,2024/4/16,GEO,Tbilisi,4.32,GEL,restrant
tip,Tips,2024/4/16,GEO,Tbilisi,5,GEL,restrant
bread,Bakery,2024/4/16,GEO,Tbilisi,0.75,GEL,-
bread,Bakery,2024/4/16,GEO,Tbilisi,1.2,GEL,-
Souvenirs,Shopping,2024/4/16,GEO,Tbilisi,4.95,GEL,-
beer,Stand,2024/4/16,GEO,Tbilisi,2.5,GEL,-
snacks,Snack,2024/4/16,GEO,Tbilisi,1.5,GEL,-
bread,Bakery,2024/4/16,GEO,Tbilisi,1,GEL,-
botanic garden,Visiting,2024/4/16,GEO,Tbilisi,4,GEL,-
national museum,Visiting,2024/4/16,GEO,Tbilisi,30,GEL,-
VOA,Tax,2024/4/17,IND,New Delhi,2000,INR,-
toulist card for 3 days,Ticket,2024/4/17,IND,New Delhi,500,INR,-
jantar mantar,Heritage,2024/4/17,IND,New Delhi,300,INR,-
bread,Bakery,2024/4/17,IND,New Delhi,20,INR,-
cola,Drink,2024/4/17,IND,New Delhi,70,INR,-
water,Drink,2024/4/17,IND,New Delhi,20,INR,-
buger king,BugerShop,2024/4/17,IND,New Delhi,129,INR,-
samata,Stand,2024/4/17,IND,New Delhi,80,INR,-
samata,Stand,2024/4/17,IND,New Delhi,80,INR,-
Band-aid and mask,Shopping,2024/4/17,IND,New Delhi,110,INR,-
mask,Shopping,2024/4/17,IND,New Delhi,70,INR,-
starange food,Stand,2024/4/17,IND,New Delhi,10,INR,-
cyomen,Stand,2024/4/17,IND,New Delhi,80,INR,-
chy,Cafe,2024/4/17,IND,New Delhi,50,INR,-
indian national museum,Visiting,2024/4/18,IND,New Delhi,500,INR,-
red castle,Visiting,2024/4/18,IND,New Delhi,0,INR,-
gran mosk,Visiting,2024/4/18,IND,New Delhi,0,INR,-
strange sweets,Stand,2024/4/18,IND,New Delhi,10,INR,-
mango juice,Stand,2024/4/18,IND,New Delhi,50,INR,-
monos,Stand,2024/4/18,IND,New Delhi,50,INR,-
fried bread,Stand,2024/4/18,IND,New Delhi,30,INR,-
curry pie,Snack,2024/4/18,IND,New Delhi,30,INR,-
rimika,Stand,2024/4/18,IND,New Delhi,15,INR,-
raccy,Stand,2024/4/18,IND,New Delhi,10,INR,-
strange juice,Stand,2024/4/18,IND,New Delhi,5,INR,-
curry rice,Eatery,2024/4/18,IND,New Delhi,70,INR,-
brown suger dounats,Stand,2024/4/18,IND,New Delhi,40,INR,-
juice,Stand,2024/4/19,IND,New Delhi,120,INR,-
curry + nan,Stand,2024/4/19,IND,New Delhi,50,INR,-
coroqqeto + curry,Eatery,2024/4/19,IND,New Delhi,70,INR,-
water,Supermarket,2024/4/19,IND,New Delhi,10,INR,-
bread,Stand,2024/4/19,IND,New Delhi,20,INR,-
Souvenirs,Sovnir,2024/4/19,IND,New Delhi,395,INR,-
banana shake,Stand,2024/4/19,IND,New Delhi,50,INR,-
splite,Drink,2024/4/19,IND,New Delhi,40,INR,-
chy,Cafe,2024/4/19,IND,New Delhi,50,INR,-
bager,BugerShop,2024/4/19,IND,New Delhi,149,INR,-
lemon soda,Stand,2024/4/19,IND,New Delhi,50,INR,-
cola,Drink,2024/4/19,IND,New Delhi,70,INR,-
sweets,Snack,2024/4/19,IND,New Delhi,30,INR,-
Souvenirs,Shopping,2024/4/19,IND,New Delhi,249,INR,-
quibe mizar,Heritage,2024/4/19,IND,New Delhi,550,INR,-
meheroli heritage park,Visiting,2024/4/19,IND,New Delhi,500,INR,-
macdonald,BugerShop,2024/4/20,HKG,Hong Kong,32,HKD,-
